Firm Name,Website,Practice Areas,Attorney Count,Notes,Outreach Status,Needs Research
"ABELLA LAW FIRM, LLC",www.abellalaw.com,"Criminal Defense, DUI/DWI",1,"Solo practitioner (Gregory J. Abella). Criminal defense focus only with DUI/DWI specialization. Not a fit for CaseDelta ICP (criminal-only focus, solo). Spanish-speaking team available.",Not Started,
"ADAM & MCGREVEY, PA",www.adammcgrevey.com,"Medical Malpractice, Commercial General Liability Defense, Construction Litigation, Employment Law",4,"4 attorneys reported. Focuses on civil litigation defense (medical malpractice, construction, employment). Some document-heavy practices (construction), but limited family/estate law focus.",Not Started,
"ADAMS CROSS, LLC",www.olathelaw.com,"Personal Injury, Medical Malpractice, Bankruptcy, Workers Compensation, Auto Accidents",3,"3 attorneys reported. Bankruptcy + personal injury mix. Good document volume (bankruptcy discovery), but not primary CaseDelta ICP (family law/estate). Virtual consultations available.",Not Started,
"ADLER & MANSON, LC",www.adlerandmanson.com,"Personal Injury, Negligence, Accident Claims",2,2 attorneys reported. Personal injury focus with 70+ years combined experience and $95M+ recovered. NOT family law or estate planning despite initial research query. Low fit for CaseDelta.,Not Started,
"ALBANO, RICHART, WELCH & BAJACKSON, LLC",www.arwblegal.com,"Family Law, Criminal Law, Divorce, Child Custody, Paternity, Adoption",3,"3 attorneys reported. EXCELLENT ICP FIT: family law focus (divorce, custody, paternity, adoption). Established 1965. Document-intensive practice. Active in Jackson County area.",Not Started,
ALLEN LAW,www.liberty-law.com,"Family Law, Divorce, Child Custody, Adoption, Estate Planning, Wills, Criminal Law, Corporate/Business",2,"2 attorneys reported. EXCELLENT ICP FIT: primary focus on family law (divorce, custody, support, adoption) with estate planning. Solo practitioner Mark Allen established 1991. Document-intensive work. Liberty, MO location.",Not Started,
"ANDERECK EVANS, LLC",www.lawofficemo.com,"Litigation, Insurance Defense, Corporate Law, Workers Compensation, Personal Injury, Utility Law",4,"4 attorneys reported (Andereck, Evans, Widger, Johnson, Lewis firm). Multi-state (MO+KS). Litigation + corporate backbone. Insurance defense focus. Not ideal for CaseDelta (no family/estate specialization).",Not Started,
"ANDERSON & PRICE, PC",www.kansascitymolawoffices.com,"Family Law, Divorce, Immigration, Personal Injury, Traffic Law, Wills, Trusts, Probate",3,"3 attorneys reported. GOOD FIT: Strong family law + estate planning (wills, trusts, probate). Also immigration + personal injury. Licensed MO+KS. Document-intensive practice areas.",Not Started,
ANKERHOLZ & SMITH,www.ankerholzsmith.com,"Family Law, Divorce, Child Custody, Personal Injury, Workers Compensation, Social Security Disability",2,"2 attorneys (Rian F. Ankerholz, Daniel L. Smith). GOOD FIT: Family law emphasis (divorce, custody, support, prenups). Also personal injury + SSD. Licensed MO+KS. Overland Park location.",Not Started,
"BOGGS LAW FIRM, LLC",,"Family Law, Real Estate, Estate Planning, Criminal Defense, Personal Injury",9,"9 attorneys reported. GOOD FIT: Diverse practice including family law, estate planning, real estate. Founded 1988, formalized as LLC 2007. Led by James D. Boggs (former MOATA president). Kansas City location. Document-intensive work.",Not Started,
"BOLOGNA & BLAIR, LLC",,"Criminal Defense, DUI/DWI, Traffic Law, Personal Injury, Wrongful Death, Auto Accidents",8,"8 attorneys reported. 25+ years experience. Criminal/DUI focus with personal injury secondary. NOT ideal for CaseDelta (criminal-heavy, personal injury). Liberty/Kansas City area.",Not Started,
"BOND, SCHOENECK & KING, PLLC",,"Agribusiness, Commercial Lending, Real Estate Development, Construction, Energy, Healthcare, Manufacturing, Higher Education, Collegiate Sports",12,"12 attorneys in KC. LARGE firm (300+ lawyers nationally) with Kansas City office. Overland Park location. Focus on corporate, commercial, agribusiness. NOT ideal for CaseDelta (no family law, estate, or litigation). High-barrier BigLaw model.",Not Started,
BOOTHE WALSH LAW & MEDIATION,,"Family Law, Divorce, Mediation, Domestic Relations",7,"Specialized family law firm with mediation services in Johnson County, Kansas. 3 attorneys on Super Lawyers/Rising Stars lists. Strong fit for CaseDelta family law segment.",Not Started,
BOULWARE LAW LLC,,"Employment Law, Business Litigation, Personal Injury, Antitrust, Intellectual Property, Wrongful Death",9,"9 attorneys. Full-service litigation firm handling employment discrimination, business disputes, serious injury cases. Brandon Boulware on Super Lawyers. Good fit for litigation document analysis.",Not Started,
"BOYD, KENTER, THOMAS & PARRISH LLC",,"Workers' Compensation, Labor Law, Personal Injury, Civil Litigation, Products Liability",29,"13 attorneys founded 1983, Kansas City area offices. Strong in workers' comp and civil litigation. Multiple Super Lawyers selections. Good document analysis fit.",Not Started,
"BROWN & CROUPPEN, P.C.",,"Personal Injury, Medical Malpractice, Civil Litigation, Wrongful Death, Product Liability, Workers' Compensation",8,50+ attorneys across 9 offices in Kansas City and St. Louis. Recovered over $1 billion for clients. Strong litigation focus. Excellent document analysis potential.,Not Started,
"CHINNERY EVANS & NAIL, P.C.",https://www.chinnery.com,"Estate Planning, Business Law, Real Estate, Probate, Trust Administration, Litigation, Elder Law, Bankruptcy",5-10,"Lee's Summit, MO. 9 attorneys with 125+ combined years experience. Strong in estate planning and probate. Excellent fit for estate planning segment of CaseDelta ICP.",Not Started,
"CHIONUMA LAW FIRM, LLC",www.chionuma.com,"Personal Injury, Workers' Compensation, Medical Malpractice, Product Liability, DUI/DWI",1,"Solo practice (Chuck Chionuma, Super Lawyers 2023-2025). Strong personal injury focus. Limited firm size for CaseDelta target, but high specialization.",Not Started,
"CHRISTIANSEN, JOHN ADAMS, LAW OFFICE OF, L.C.",www.johnadamschristiansenlawoffice.com,"Workers' Compensation, Personal Injury, Employment Discrimination, Family Law, Municipal Court, Appellate Law",1,Solo practitioner with 20+ years experience. Multiple practice areas. Solo firm size limits CaseDelta fit despite legal diversity.,Not Started,
"CITY PROSECUTOR'S OFFICE OF KANSAS CITY, MISSOURI",www.kcmo.org,Criminal Prosecution,13,"Government agency with 13 attorneys. Criminal prosecution focus only. Not aligned with CaseDelta ICP (family law, estate, civil).",Not Started,
CLOON LAW FIRM,cloonlaw.com,"Personal Injury, Auto Accidents, Medical Malpractice, Products Liability, Premises Liability",1,"Leawood, KS. Solo practice (Bryson Cloon, Super Lawyers). Founded 1969. Focused personal injury litigation. Solo size limits CaseDelta alignment.",Not Started,
"CLYDE & WOOD, LLC",www.clydeandwood.com,"Family Law, Personal Injury, Medical Malpractice, Workers' Compensation, Civil Litigation, Real Estate",2,"Overland Park, KS. Founded 1979. Family law and civil litigation specialties. Good fit for family law segment of CaseDelta ICP.",Not Started,
"COHEN & DUNCAN ATTORNEYS, LLC",www.studentrightslawyers.com,"Education Law, Student Rights, Title IX, Academic Appeals, Medical Student Appeals, K-12 Student Matters",1,Solo practice (Andrew Duncan; Clifford Cohen retired 2024). Highly specialized niche in education law. Not aligned with CaseDelta target markets.,Not Started,
"COLANTUONO GUINN KEPPLER, LLC",www.ksmolaw.com,"Employment Law, Labor Law, Business & Corporate, Discrimination & Retaliation, Non-Compete/Trade Secrets, Litigation",4,"Overland Park/Leawood, KS. 4 attorneys. Employment and business litigation focus. Good fit for employment litigation document analysis.",Not Started,
COLLINS FOWLER LLC,www.kcnorthlaw.com,"Bankruptcy, Business Law, Family Law, Estate Planning, Social Security Disability, Workers' Compensation, Personal Injury, Real Estate, Criminal",2,Kansas City North. 2 attorneys. Boutique firm with diverse practice areas including family law and estate planning. Strong fit for CaseDelta's target verticals.,Not Started,
CONROY BARAN LLC,,"Corporate & Business Law, Bankruptcy, Healthcare, Intellectual Property, M&A, Dispute Resolution, Real Estate, Trusts & Estates",5,"Kansas City, MO. 5 attorneys (input data). Corporate and M&A focus with some estate planning. Limited family law alignment.",Not Started,
"CONSTANGY BROOKS, SMITH & PROPHETE, LLP",www.constangy.com,"Employment Law, Labor Law, Wage & Hour, Workplace Safety, Immigration, Workers' Comp, Cybersecurity, ERISA",7,"KC office at 1201 Walnut, 816-472-6400. 250+ attorneys firm-wide across 21 states. Tim Davis leads KC. Employer-side employment law focus. Good for complex litigation.",Not Started,
COOK ELLIS LLC,www.ghafoorcook.com,"Estate Planning, Probate, Trusts, Bankruptcy, Business Law, Real Estate, Immigration, Intellectual Property",2,"Independence, MO (Kansas City metro). 2 attorneys. Strong estate planning and probate focus. Good fit for CaseDelta estate planning segment.",Not Started,
"COOLING & HERBERS, PC",www.coolinglaw.com,"Aviation Law, Business Law, Civil Litigation, Environmental Law, Insurance Law, Municipal Law, Real Estate Development, Zoning",4,"Kansas City, MO. Est. 1977. 4 attorneys (input data). Specialized in aviation law with diverse civil practice. Limited family law/estate focus.",Not Started,
"DAVIS BETHUNE & JONES, LLC",,"Personal Injury, Wrongful Death, Medical Malpractice, Civil Litigation, Product Liability, Mass Tort, Motor Vehicle Accidents, Railroad Litigation",19,"Kansas City, MO. 11 attorneys (input data). 20+ years in practice. 6 on Super Lawyers/Rising Stars. Strong civil litigation and wrongful death focus.",Not Started,
DENTONS US LLP,,"Real Estate, Corporate, M&A, Private Equity, Litigation, Insurance, Tax, Energy, White Collar, Intellectual Property",66,"Kansas City, MO. 66 attorneys (input data). Global mega-firm with KC office at 4520 Main St. Full-service corporate/M&A focus. Limited family law/estate alignment. High cost structure.",Not Started,
"DESIMONE PEARSON, LC",,"Business Law, Civil Litigation, Elder Law, Estate Planning, Probate, Real Estate",9,Founded 1995. Strong estate planning and probate focus with elder law. 9 attorneys. Fits ICP well with estate planning + business litigation.,Not Started,
"DFO LAW, LLC",,"Litigation, Workers Compensation, Personal Injury, Insurance Coverage",8,"Boutique litigation/workers comp firm. 8 attorneys. Personal injury focus doesn't align strongly with ICP (family law, estate, immigration preferred).",Not Started,
DICKERSON OXTON LAW FIRM,,"Personal Injury, Medical Malpractice, Products Liability, Mass Tort",236,"236 attorneys according to input (likely multi-office). Focus on personal injury/medical malpractice. 98% success rate. Too large and focused on personal injury, not ICP target.",Not Started,
"GUNN, SHANK & STOVER, PC",www.gunnshank.com,"Business Law, Litigation, Family Law, Estate Planning, Real Estate, Employment Law, Bankruptcy",5,"5 attorneys. Broad-based practice including family law, estate planning, business litigation. Perfect ICP fit for mid-market firm with family law services.",Not Started,
"GYLLENBORG & BROWN, P.A.",www.gyllenborg.com,"Criminal Defense, White Collar Offenses, Federal Crimes, Sex Crimes, Drug Crimes",2,"2 attorneys. Exclusive criminal defense focus. Not aligned with ICP (family law, estate, immigration preferred). Criminal-only = score 1.",Not Started,
"HALBROOK WOOD, P.C.",www.halbrookwoodlaw.com,"Employment Law, Civil Litigation, Commercial Litigation, Discrimination, Premises Liability, Products Liability",10,"10 attorneys. Focus on employment law and commercial litigation defense. Broader practice but not ICP target areas (missing family law, estate, immigration).",Not Started,
"HALE ROBINSON & ROBINSON, LLC",hrriawyers.com,"Family Law, Personal Injury, Criminal Defense, Divorce, Child Custody, Child Support",4,"4 attorneys. Strong family law focus (divorce, custody, support). Personal injury secondary. Excellent ICP fit for family law boutique.",Not Started,
"HALL & EVANS, LLC",www.halleevans.com,"Civil Litigation, Employment Law, Workers Compensation, Real Estate Litigation, Administrative Law",4,"4 attorneys. Employment law and workers comp focus. General civil litigation. Not strong ICP fit (no family law, estate, immigration).",Not Started,
"HANKINS & CONKLIN, P.C.",www.hankinsandconklin.com,"Personal Injury, Medical Malpractice, Family Law, Divorce, Child Custody, Adoption, Workers Compensation",2,"2 attorneys. Strong family law practice (divorce, custody, adoption) combined with personal injury/med mal. Good ICP fit for family law component.",Not Started,
HARDWICK LAW FIRM LLC,www.hardwicklaw.com,"Corporate Law, Real Estate, Finance, Transportation, Education, Healthcare",8,"8 attorneys. Focus on corporate finance, real estate, public finance. Not aligned with ICP (no family law, estate planning, immigration).",Not Started,
"HARRAH LAW, LLC",harrahlaw.com,"Litigation, Real Estate, Construction Law, Creditors' Rights",5,5 attorneys. Business/commercial litigation focus. No family law or estate planning. Not aligned with ICP.,Not Started,
"HARRIS & HART, LLC",harrisandhart.com,"Personal Injury, Trucking Accidents, Wrongful Death, Civil Defense Litigation, Insurance Defense",5,5 attorneys. Founded 2012. Focus on personal injury and insurance defense. Not aligned with ICP (family law/estate preferred).,Not Started,
"HARTMANN LAW OFFICE, LLC",www.hlawkc.com,"Estate Planning, Wills, Trusts, Real Estate, Business Law",1,"Solo attorney. Strong estate planning focus (wills, trusts, POA). Excellent ICP fit despite small size.",Not Started,
HARVEST LAW KC,www.harvestlawkc.com,"Estate Planning, Trusts, Asset Protection, Charitable Planning, Business Succession",1,"Solo attorney (Kyle Krull). 30+ years experience. Dedicated estate planning practice (trusts, wills, business succession). Excellent ICP fit.",Not Started,
"HAUSNER LAW OFFICE, LLC",https://hausnerlawoffice.com/,"Construction Law, Business Disputes, Commercial Litigation, Contract Disputes",1,"Solo attorney (Toby Hausner). Construction and commercial dispute focus. General business litigation. Not ICP target (no family law, estate, immigration).",Not Started,
HAYNES BENEFITS PC,www.haynesbenefits.com,"Employee Benefits, ERISA, Employment Law, 401(k) Planning, Executive Compensation",8,"8 attorneys. Exclusive benefits/ERISA practice. Specialized vertical not aligned with ICP (family law, estate, immigration focused).",Not Started,
KC ELDER LAW,,"Elder Law, Estate Planning, Medicaid Planning, Probate, Trust Administration, Powers of Attorney, VA Benefits, Guardianship",1,"1 attorney per input. 3 licensed attorneys (Courtney Roy, Ken Herring, Amber Thailing). 20+ years in business. 3 offices in KC metro (Lee's Summit MO, Overland Park KS, Kearney MO). Elder law/probate aligns with estate planning ICP.",Not Started,
KELEHER & EASTMAN,,"DWI/DUI Defense, Criminal Defense, Real Estate Law, Traffic Law",1,2 attorneys (Keleher & Eastman). Founded 1988. Gladstone MO location. Criminal focus + DUI makes low ICP score. Not aligned with CaseDelta vertical.,Not Started,
"KELLY LAW OFFICE, PC",,"Workers' Compensation, Personal Injury, Auto Accidents, Product Liability, Construction Law, Litigation",1,1 attorney (Mark E. Kelly). 100+ years combined experience. Liberty MO location. Workers comp & PI focus. Not CaseDelta ICP.,Not Started,
"KELLY, REED & JANSEN, LLC",,"Family Law, Divorce, Criminal Defense, Personal Injury, Probate Law, Landlord-Tenant Law",1,"3 partners listed (Kelly, Reed, Jansen). Lee's Summit location. 25+ years experience (Kelly). Family law + probate practice aligns with CaseDelta. ICP score 4+ due to family law + estate areas.",Not Started,
KEMPTON & RUSSELL,,"Personal Injury, Medical Malpractice, Product Liability",1,"8 attorneys. Located in Sedalia, MO (outside KC proper). Founded 1951. Personal injury/med mal focus. Not aligned with ICP.",Not Started,
KENNYHERTZ PERRY,,"Business Litigation, Startup Law, Mergers & Acquisitions, Government Enforcement, AI & Regulatory Compliance; White-Collar Crime; Regulatory Compliance; Real Estate; Securities; Sports Law; Intellectual Property",12,"12 attorneys. Founded 2013. Business law and litigation focus (M&A, startups, AI regulatory). Not aligned with ICP (family law, estate, immigration). Also listed as 'Kennyhertz Perry' in source. 9 Super Lawyers selections.",Not Started,
"KENT T. PERRY & CO., LC",,"Corporate Law, Banking Law, Commercial Real Estate, Mergers & Acquisitions, Business Formation",1,"11 attorneys. Founded 1996. Corporate/banking law focus. Not aligned with ICP (family law, estate, immigration preferred).",Not Started,
"KENTNER WYATT, LLC",,"Litigation, Bankruptcy, Criminal Defense, Consumer Protection, Collections",1,"8 attorneys. Bankruptcy, litigation, and criminal defense. Not aligned with ICP (family law, estate, immigration).",Not Started,
"KESSINGER LAW FIRM, P.C.",,"Business Litigation, Real Estate, Finance, Civil Litigation, Employment Discrimination",1,8 attorneys. Founded by James Kessinger (30+ years civil litigation). Business litigation and real estate focus. Not aligned with ICP.,Not Started,
"KETCHMARK & MCCREIGHT, P.C.",,"Personal Injury, Employment Discrimination, Complex Litigation, Class Action, Trial Practice",1,"12 attorneys. Trial-focused firm (5+ billion in verdicts). Personal injury/employment focus. Not aligned with ICP (family law, estate, immigration). NOTE: Mike Ketchmark met with Camren in-person Feb 23 2026 re: AI Simulated Jury and Deliberation Analyzer — in active CaseDelta pipeline.",Not Started,
"KING, KURT H.",,"Family Law, Personal Injury, General Practice, Child Custody",1,Solo attorney. 30+ years. Family law and personal injury. Good ICP fit for family law boutique despite solo size.,Not Started,
KIRKENDALL DWYER LLP,,"Personal Injury, Motor Vehicle Accidents, Product Liability, Maritime Injuries, Social Security Disability, Workplace Injuries",1,"National personal injury firm with offices in 9 states. 12 named attorneys in KC area. Focus on contingency-based plaintiff representation. Not CaseDelta ICP (litigation/personal injury, not estate/family/immigration).",Not Started,
KIRKLAND WOODS & MARTINSEN LLP,,"Estate Planning, Trust Administration, Fiduciary Litigation, Probate, Guardianship, Real Estate, Business Formation, Alternative Dispute Resolution",1,"25 attorneys (per input). 4 offices (Liberty MO, Overland Park KS, Springfield MO, St. Louis MO). Renamed to Kembell Woods & Martinsen in Jan 2025. 13 Super Lawyers selections. Estate/probate focus aligns with CaseDelta ICP.",Not Started,
"KLAMANN & SCHERMERHORN, P.A.",,"Class Action Litigation, Complex Litigation, Employment Law, Securities, Toxic Torts, Business Law",1,9 attorneys listed (per input). Founded 2010 in KC. 2 Super Lawyers. AV Preeminent rating 2026. Focus on complex litigation and class actions. Employment law presence fits secondary ICP.,Not Started,
KNIGHT NICASTRO MACKAY LLC,https://www.kmmlaw.com/,"Civil Litigation, Railroad/FELA, Trucking & Transportation, Personal Injury Defense, Construction Law, Business Litigation, Insurance Defense, Professional Liability",10+,"30+ attorneys, 6 offices nationally (CO, IL, MO, MT). 104 attorneys per input data (likely error in source). KC office at 304 W 10th St. Focus on defense litigation & transportation. Not CaseDelta ICP.",Not Started,
LANGDON & EMISON,https://www.langdonemison.com/,"Personal Injury, Motor Vehicle Accidents, Product Liability, Trucking Accidents, Railroad Injuries, Medical Device Liability, Prescription Drug Liability, Wrongful Death, Mass Torts",10+,"12 Super Lawyers selections. 40+ years experience. Multi-state offices (Chicago, St. Louis, KC, Lexington MO). $1 billion in verdicts/settlements. National personal injury focus. Not CaseDelta ICP.",Not Started,
LATHROP GPM LLP,,"Intellectual Property, Franchise Law, Litigation, Transactional Work, Corporate/M&A, Employment Law, Environmental Law, Real Estate, Labor & Employment, Education Law, Banking & Finance, Venture Capital, Life Sciences, Health Care",1,"KC office: ~100 lawyers (largest office). Total: 376 attorneys, 12 offices nationwide. Am Law 200 #170. Full-service BigLaw firm. No family/estate focus. ICP 3 for general practice signal but not core verticals.",Not Started,
LAUBER MUNICIPAL LAW,,"Municipal Law, City Attorney Services, Land Use Planning, Zoning Law, Economic Development, Public Works, Contract Drafting, Police & Fire Law",1,"15+ attorneys across 3 locations. Founded 2010. Municipal law specialty. Serves 15 MO/KS counties. Not CaseDelta ICP (municipal focus, not private law).",Not Started,
"LAW OFFICE OF KEVIN J. MCMANUS, LLC",,"Personal Injury, Car Accidents, Truck Accidents, Disability Insurance",8,"Multi-office firm (KC, Lee's Summit, Overland Park). Strong personal injury focus. Growing firm with litigation portfolio. ICP candidate.",Not Started,
LAW OFFICES OF RODERICK C. WHITE,,"Personal Injury, Criminal Defense, Civil Rights",1,"Multi-state firm (TX, MO, IL). Personal injury & criminal focus. $150M+ in verdicts/settlements. Not target ICP.",Not Started,
LENTZ CLARK DEINES PA,,"Bankruptcy, Debtors Rights, Creditors Rights",1,"3 members (Clark, Deines, Hennier). Founded 1988. Overland Park KS. Bankruptcy specialty. Jeffrey Deines Super Lawyers 2013-2018, Rising Stars 2010-2012. Not CaseDelta ICP.",Not Started,
MARTIN PRINGLE OLIVER WALLACE & BAUER LLP,https://www.martinpringle.com/,"Adoption & Surrogacy, Appellate Practice, Aviation Law, Banking Law, Bankruptcy, Business Law, Civil Litigation, Construction Law, Employment Law, Energy Law, Estate Planning, Family Law, Health Law, Immigration Law, Oil & Gas Law, Products Liability, Real Estate, Workers Compensation",10+,"34+ attorneys. 4 offices (Wichita KS, Overland Park KS, El Dorado KS, Kansas City MO). Founded 1951. Full-service regional firm. Estate planning + family law coverage. ICP 4+ for adoption/family law breadth.",Not Started,
MCANANY VAN CLEAVE & PHILLIPS PA,https://mvplaw.com/,"Workers' Compensation Defense, Employment Law, Civil Litigation, Insurance Defense, Business Litigation, Transactions, Public Sector Law",10+,31+ Super Lawyers selections. 8 Midwest offices. Founded 1901. Primary: Workers comp + employment law. Secondary: civil litigation. Employment law focus fits secondary ICP but not primary.,Not Started,
"MCNEILE PAPPAS, PC",,"Business Law, Commercial Litigation, Bankruptcy, Debt Collection, Real Estate",8,"Established 1974. Business/commercial focus. Document-heavy practice (collections, bankruptcy, foreclosure). Document analysis value.",Not Started,
"MCSHANE & BRADY, LLC",,"Personal Injury, Medical Malpractice, Product Liability, HIPAA Violations, Class Action",8,Strong personal injury with class action/mass tort emphasis. HIPAA/data breach litigation. Excellent ICP fit. Document-heavy cases.,Not Started,
"MERRICK, BAKER & STRAUSS, PC",,"Insurance Defense, Workers Compensation, Bankruptcy, Collections, Commercial Litigation",9,"Established insurance defense/collections firm. Document-heavy (collections, bankruptcy). Moderate ICP fit. B2B/institutional clients.",Not Started,
"MEYERKORD, RUSSELL & HERGOTT",,"Personal Injury, Medical Malpractice, Wrongful Death, Catastrophic Injury",10,3 Super Lawyers. Established personal injury firm in River Market. High-value catastrophic cases. Strong ICP candidate.,Not Started,
"MEYERS, BRIAN TIMOTHY, LAW OFFICES OF",,"Personal Injury, Medical Malpractice, Construction Accidents, Wrongful Death",10,Founded 1987. 30+ years trial experience. Personal injury specialist. Downtown KC location. Strong ICP candidate.,Not Started,
"MILLIN, STEPHEN B. JR., LAW OFFICE OF",,"Personal Injury, Medical Malpractice, Product Liability, Business Litigation",9,Super Lawyer since 2005. 30+ year personal injury veteran. Downtown location. Strong litigation portfolio. ICP candidate.,Not Started,
"MILLSAP & SINGER, LLC",,"Foreclosure, Bankruptcy, Mortgage Litigation, Real Estate",7,Established 1970. Large staff (70 employees). Mortgage/foreclosure specialist. Document-heavy work. Not ideal ICP (lender-focused).,Not Started,
MIRFASIHI LAW OFFICES,,"Personal Injury, Auto Accidents, Truck Accidents, Medical Malpractice, Workers Compensation",7,Super Lawyer (Mav Mirfasihi). Multi-attorney firm. Strong personal injury practice. North KC location. Good ICP candidate.,Not Started,
NASH & FRANCISKATO LAW FIRM,,"Personal Injury, Medical Malpractice, Product Liability, Wrongful Death, Defective Medical Devices",10,Founded 2004. 4 Super Lawyers. $50M+ in settlements. Downtown KC location. Strong litigation practice. Excellent ICP candidate.,Not Started,
NELSON & YARNELL,,"Family Law, Divorce, Child Custody, Property Division",9,Established 2008. Super Lawyer (Ronald Nelson). Family law specialist. 3-attorney firm. AAML Fellow. Excellent ICP candidate for family law vertical.,Not Started,
"NICHOLS LAW FIRM, LLC, THE",,"Civil Litigation, Personal Injury, Auto Accidents, Employment Law, Medical Malpractice",7,Established 2000. 20+ years prior experience. Multi-practice litigation focus. Clay/Platte/Jackson counties. Good litigation exposure.,Not Started,
"NIGRO LAW FIRM, LLC",,"Criminal Defense, DUI/DWI, Drug Offenses, Assault",8,"Criminal defense only. Founded 1997. Super Lawyer (Ross Nigro). Not ICP fit - CaseDelta targets civil litigation (family, estate, M&A).",Not Started,
NOLAND LAW FIRM LLC,,"Personal Injury, Auto Accidents, Truck Accidents, Medical Malpractice, Workers Compensation",9,"Liberty, MO location (Kansas City metro). 55+ years combined experience. Broad personal injury portfolio. Strong litigation firm. Good ICP candidate.",Not Started,
"NORMAN & GRAVES, LLC",,"Personal Injury, Product Liability, Medical Malpractice, Class Action, Mass Tort",10,Founded 2003. 3 Super Lawyers. $100M+ in verdicts/settlements. Plaza area location. Strong litigation focus. Excellent ICP candidate.,Not Started,
"NORRIS KEPLINGER HICKS & WELDER, LLC",,"Civil Litigation, Personal Injury, Construction Law, Professional Liability, Medical Malpractice",14,"Overland Park, KS location. AV-rated firm. 200+ jury trials. Chambers USA ranked. Multi-practice litigation firm. Strong ICP candidate.",Not Started,
"NORTON & SPENCER, P.C.",,"Personal Injury, Medical Malpractice, Trucking Accidents, Wrongful Death, Construction Accidents",11,Established 1952. 60+ years experience. Principal attorney 150+ jury trials. $50M+ in settlements. North KC location. Excellent ICP candidate.,Not Started,
"NORTON HARE, L.L.C.",,"Family Law, Divorce, DUI/Criminal Defense, Personal Injury",11,"Overland Park, KS location. AV-rated (highest Martindale-Hubbell). Family law + criminal. Multi-practice. Family law ICP angle.",Not Started,
"OFODU LAW OFFICES, LLC",,"Personal Injury, Product Liability, Medical Malpractice, Auto Accidents, Truck Accidents",9,Downtown KC location (Grand Blvd). Solo/small firm. Strong personal injury portfolio. Good litigation exposure. ICP candidate.,Not Started,
"OGLETREE, DEAKINS, NASH, SMOAK & STEWART, PC",,"Employment Law, Labor Law, Class Action Defense, FLSA Litigation",23,"National firm (1,100+ attorneys, 60 offices). KC office 16 lawyers. Employment law specialist. Large sophisticated firm - may not need CaseDelta but document-heavy practice.",Not Started,
"OLIVER & REICHEL, PA",,"Medical Malpractice, Birth Injuries, Spinal Cord Injuries",12,"Overland Park, KS. Two attorneys with 25+ years experience. Super Lawyer status. Specialized medical malpractice. Excellent ICP candidate.",Not Started,
"ROBB, TAYLOR & O'CONNOR",,"Personal Injury, Wrongful Death, Workers' Compensation",9,"Kansas City, KS. Personal injury focus only. Not family law or estate. Criminal score only.",Not Started,
"RONAN LAW FIRM, THE",,"Medical Malpractice, Personal Injury, Wrongful Death, Nursing Home Negligence, Vaccine Litigation",1,"Overland Park, KS. Personal injury/medical malpractice focus. 45+ years experience. ICP mismatch.",Not Started,
"ROUSE FRETS WHITE GOSS GENTILE RHODES, P.C.",,"Business & Corporate Law, Real Estate, Construction Law, Medical Malpractice Defense, Commercial Litigation, Estate Planning, Labor & Employment",1,"Multi-office KC firm (Leawood, KC offices). 60+ attorneys total. Estate planning included but not primary. Regional firm.",Not Started,
"RS LAW, LLC",,"Family Law, Bankruptcy, Personal Injury, Estate Planning",1,High-asset family law focus. Located in Kansas City. ICP fit: family law + bankruptcy + solid size.,Not Started,
"RUBINS, KASE, HAGER, & CAMBIANO P.C.",,"Personal Injury, Social Security, Workers' Compensation",1,"Founded 1950. Personal injury focus, not family law. Larger firm (10+ attorneys). Not ideal ICP.",Not Started,
"RYNEARSON, SUESS, SCHNURBUSCH & CHAMPION LLC",,"Civil Litigation, Premises Liability Defense, Products Liability",1,"Multi-state firm with KC office. Civil litigation focus, not family law/estate. ICP mismatch.",Not Started,
"SADER LAW FIRM, LLC",,"Bankruptcy, Foreclosure Relief, Debt Relief, Real Estate, Commercial Collections",1,"Founded 1997, bankruptcy-focused. Not family law or estate planning focused. ICP mismatch.",Not Started,
"SAGE LAW, LLP",,"Estate Planning, Probate, Trust Administration, Estate Litigation, Elder Law, Civil Litigation, Family Law",1,"Excellent ICP fit: estate planning, probate, elder law, family law. Overland Park-based. 10+ attorneys. Primary practice areas match CaseDelta ICP perfectly.",Not Started,
"SANDAGE LAW, LLC",,"Criminal Defense, Professional License Discipline, White Collar Crime, Personal Injury",1,"Founded 1995. Criminal defense focus, not family law/estate. ICP score 1 - criminal only focus.",Not Started,
SANDBERG PHOENIX & VON GONTARD P.C.,,"Business, Business Litigation, Health Law, Intellectual Property, Products Liability, Individual & Family Law",1,Large multi-office firm (180+ attorneys). Family law is one of many practices. Kansas City office confirmed. General corporate litigation focus.,Not Started,
"SESSION LAW FIRM, THE",,Environmental Law,8,Environmental law specialist. Not family law/estate/litigation. ICP mismatch.,Not Started,
SEXTON & SHELOR,,"Medical Malpractice, Personal Injury, Domestic Relations, Workers' Compensation",8,"Established 1982. Personal injury primary, family law secondary. Shawnee Mission/Overland Park area.",Not Started,
"SEXTON, BENDER, HILL & STEINMAN, P.C.",,"Probate, Family Law, Real Estate, Civil Litigation, Estate Planning, Tax Law",14,"Gladstone, MO (KC area). Probate & family law primary. ICP fit: family law + estate planning. 10+ attorneys.",Not Started,
SEYFERTH BLUMENTHAL & HARRIS LLC,,"Commercial Litigation, Employment Litigation, Labor & Employment",21,Founded by BigLaw refugees. 13 lawyers. Labor & employment focus. Not family law/estate. ICP mismatch.,Not Started,
"SHACHTMAN LAW FIRM, THE",,"Personal Injury - General, Medical Malpractice, Products Liability",8,Personal injury plaintiff focus. Super Lawyer (Scott Shachtman). Not family law/estate. ICP mismatch.,Not Started,
SHAFFER LOMBARDO SHURIN,,"Construction Law, Business Litigation, Professional Liability, ADR, Business & Transactional Law",16,Founded 1994. Construction & commercial litigation focus. 12+ attorneys. ICP mismatch.,Not Started,
"SHAMBERG, JOHNSON & BERGMAN, CHTD.",,"Personal Injury, Wrongful Death, Medical Malpractice",28,Founded 1949. Personal injury specialist. 850M+ recovery record. Not family law. ICP mismatch.,Not Started,
"SHANK & HEINEMANN, LLC",,"Business Litigation, Commercial Litigation",10,"Mission Woods, KS. Commercial litigation focus. Not family law/estate. ICP mismatch.",Not Started,
"SHARMA-CRAWFORD, THE CLINIC AT, ATTORNEYS AT LAW",,"Immigration Law, Removal Defense, Appeals",9,Nonprofit law clinic. Immigration law specialist. Not family law/estate. ICP mismatch.,Not Started,
SHARP LAW LLP,,"Class Action Litigation, Complex Litigation, Antitrust, RICO, Consumer Protection",17,"Overland Park, KS. Class action/complex litigation focus. 50+ lead counsel cases. ICP mismatch.",Not Started,
"SHELTON LAW OFFICE, P.A.",,"Personal Injury, Wrongful Death, Foster Care Abuse, Insurance Dispute, Negligence",8,"Overland Park, KS. Personal injury/abuse focus. 20+ years trial experience. Not family law/estate.",Not Started,
"SHETLAR, JAMES R., LAW OFFICES, PA",,"Personal Injury, Medical Malpractice, Workers' Compensation",8,"Overland Park, KS. Medical litigation & injury focus. 35+ years experience. Not family law.",Not Started,
"SHIPMAN & DEHARDT, P.C.",,"Criminal Law, Family Law, Probate Law, Civil Law",10,Husband/wife team. Kansas City metro. ICP fit: family law + probate + civil litigation. 75+ combined years.,Not Started,
"SHOOK, HARDY & BACON L.L.P.",,"Intellectual Property, Environmental & Toxic Tort, Employment Litigation, Commercial Litigation, Products Liability, Cannabis",239,Large international firm (239 attorneys). Kansas City HQ. Litigation/IP focus. Not family law/estate. ICP mismatch.,Not Started,
STURDEVANT LAW OFFICE,,"Estate Planning, Probate, Elder Law",1,44+ years experience. Estate planning + probate specialist. Strong ICP fit (estate planning focus). Solo limits scale.,Not Started,
SULLIVAN LAW L.L.C.,,"Product Liability, Personal Injury, Wrongful Death, Civil Litigation",1,"Personal injury & product liability specialist, $100M+ in settlements. Not target ICP.",Not Started,
"SUMMERS & JOHNSON, PC",,"Medical Device Litigation, Defective Drug Litigation, Personal Injury",1,"Weston, MO-based with KC office. 30-year history in medical device/drug litigation. Not target ICP.",Not Started,
"SUTTON LAW OFFICE, PA",,"Estate Planning, Probate, Business Law, Elder Law",1,"Overland Park, KS. Estate planning + probate focus. Strong ICP fit (estate planning/probate). Founded 1999.",Not Started,
SWANSON BERNARD LLC,,"Corporate Law, Litigation, Tax, Trusts & Estates, Real Estate, Employment",1,Kansas City full-service firm. 7+ Super Lawyers listed. Strong in trusts & estates. Not strong family law signals.,Not Started,
"TAFRESHI LAW, LLC",,"Family Law, Estate Planning, Divorce, Probate, Guardianship, Adoption",1,"Olathe, KS. Strong family law + estate planning focus. Dana Tafreshi founded 2012. Excellent ICP fit.",Not Started,
TAMMY HORN LLC,,Employment Litigation,1,"30+ years trial attorney, employment litigation focused. Not target ICP.",Not Started,
"TERRIL LAW FIRM, LLC",,Personal Injury,1,"Personal injury specialist, Super Lawyer rated. Founded 1996. Not target ICP.",Not Started,
THE ACCURSO LAW FIRM,www.accursolaw.com,"Personal Injury, Products Liability, Commercial Litigation, Insurance Defense",8,"8 attorneys reported. Personal injury focus, litigation-heavy. Not ideal for CaseDelta (personal injury, not document-heavy practice areas like family law or estate). Has recovered $95M+ for clients.",Not Started,
THE HASTINGS LAW FIRM,www.hastingslawfirmonline.com,"Criminal Defense, Felony Defense",1,Solo attorney (Molly Hastings). 23 years criminal defense experience. Exclusive criminal practice. Not aligned with ICP. Score 1 (criminal only).,Not Started,
THE KENNER LAW FIRM P.C.,,"Personal Injury, Medical Malpractice, Nursing Home Abuse, Trucking Accidents",1,"6 attorneys. Medical malpractice and personal injury focus. Not aligned with ICP (family law, estate, immigration preferred).",Not Started,
"THE LAW OFFICES OF TRACY L. ROBINSON, LC",,"Bankruptcy, Consumer Law",1,Founded 1993. Bankruptcy specialist. Not family law/estate. ICP mismatch.,Not Started,
"THE MEYERS LAW FIRM, LC",,"Employment Law, Civil Rights, Personal Injury, Consumer Law",11,Founded 1981. Employment + civil rights focus. Major win: $57M age discrimination settlement. Document-intensive litigation.,Not Started,
"THE NAIL LAW FIRM, LLC",,"Personal Injury, Medical Malpractice, Catastrophic Injury, Trucking Accidents",8,"Founded by Roger Nail. 2 Super Lawyers. High-value catastrophic cases. Multi-office (KC, Lee's Summit). Strong ICP fit.",Not Started,
THE WELDER FIRM,,"Catastrophic Injury, Wrongful Death, Workers Compensation, Auto/Truck Accidents",1,"Plaintiff personal injury firm. Not target ICP (injury litigation, not family/estate/immigration).",Not Started,
"THILGES BERNHARDT & ISAACS, ATTORNEYS AT LAW, LLC",,"Divorce, High-Asset Divorce, Family Law, Mediation, Paternity, Prenuptial/Postnuptial",1,"Overland Park boutique family law firm since 1991. 4+ attorneys. Excellent ICP fit - family law specialist, high-asset focus.",Not Started,
"THOMASON, MARK, LAW OFFICE OF, LLC",,Criminal Law,1,Criminal law specialist with KC and Blue Springs offices. 44+ years experience. Not target ICP.,Not Started,
"THOMPSON LAW OFFICES, P.C.",,"Personal Injury, Product Liability, Traumatic Brain Injury",1,North Kansas City personal injury trial firm. Contingency model. Not target ICP.,Not Started,
"THORNBERRY BROWN, LLC",,"Employment Law, Personal Injury, Discrimination, Retaliation",1,Kansas City employment & personal injury firm. 15+ year history. Not target ICP (employment/PI focused).,Not Started,
TOMASIC & REHORN,,"Workers Compensation, Business, Employment, Real Estate",1,"Kansas City, KS since partnership formed. 50+ years combined experience. Not target ICP.",Not Started,
"TONGIER, JOHN D., LLC",,"Mediation, Personal Injury, Medical Negligence",1,"Overland Park mediator, 40+ years experience. Almost exclusively mediation since 2018. Not target ICP.",Not Started,
"TROPPITO MILLER GRIFFIN, LLC",,"Construction Law, DUI/DWI, Criminal Law, Bankruptcy, Real Estate, Estate Planning",1,"Full-service firm, founded 1940. Construction law specialist. Limited estate planning signals. Not strong ICP fit.",Not Started,
TURNER & SWEENY,,"Personal Injury, Medical Malpractice, Workers Compensation, Auto Accidents, Wrongful Death",1,"2 attorneys (Christopher P. Sweeny, John E. Turner - both Super Lawyers). Located at 10401 Holmes Rd, Suite 250, KC MO. Founded 1998. Personal injury focus only. Not family law/estate. Low ICP fit.",Not Started,
TURNEY LG,,"Product Liability, Professional Liability, Medical Liability, Insurance Liability",1,Kansas City litigation boutique. Defense-focused (product/professional/medical liability). Not target ICP.,Not Started,
"WALTERS LAW FIRM, LLC",,"Serious Injury, Wrongful Death, Personal Injury",1,"2 attorneys (Lon Walters, Christin DiMartino). Located at 23A E 3rd St, KC MO. Serious injury and wrongful death focus since 1998. Not family law/estate. Low ICP fit.",Not Started,
"WALTERS RENWICK RICHARDS & VAUGHAN, P.C.",,"Class Action, Complex Litigation, Construction Law, Product Liability, Personal Injury, Consumer Fraud, Business Disputes, Medical Malpractice",1,"4 attorneys (R. Frederick Walters, J. Michael Vaughan, Karen W. Renwick, Kip D. Richards - all Super Lawyers). Located at 1100 Main City Center Square, Suite 2500, KC MO. Founded 1991. Litigation powerhouse with major verdicts ($217.7M, $12M settlements). Not family law. Low ICP fit.",Not Started,
"WARDEN GRIER, LLP",,"Commercial Litigation, Civil Trial Practice, Arbitration, Financial Loss Litigation, Property Loss, Medical Malpractice, Legal Malpractice, Fiduciary Claims, Construction Litigation",1,"6 attorneys (J. Michael Grier, James M. Warden, others). Located at 420 Nichols Rd, Suite 200, KC MO. Founded 2002. Commercial litigation powerhouse. Not family law. Low ICP fit.",Not Started,
"WASSBERG, JOHN, LAW OFFICE, LLC",,"Business Transactions, Tax Law, Real Estate Law",1,"John I. Wassberg solo practice. Located at 8601 Ash Lane, Prairie Village KS. Admitted 1969 (55+ years). Business, litigation, and real estate focus. AV Preeminent rating. Not family law. Low ICP fit.",Not Started,
"WATSON & DAMERON, LLP",,"Personal Injury, Workers Compensation, Immigration, Criminal Law, Medical Malpractice, Traffic Court",1,"3 attorneys (Russell S. Dameron, Kathleen Marie Hagen, Henri J. Watson). Located at 2500 Holmes St, KC MO. Founded 1984. Diverse practice areas but no family law. Low ICP fit.",Not Started,
WATTERS WOLF BUB HANSMANN,,"Civil Litigation, Personal Injury, Appellate Law, Insurance Coverage, Construction Litigation, Employment & Labor",1,"Trial lawyers with 40+ years experience, 1000+ cases tried. Multi-state appellate practice. Not target ICP (no family/estate/immigration).",Not Started,
WENDT LAW FIRM P.C.,,Personal Injury,1,"Personal injury trial firm, $100M+ in settlements. Founded attorney Samuel Wendt. Not target ICP.",Not Started,
"WHITE, F.A., LAW OFFICE OF",,"Criminal Defense, Federal Practice",1,Criminal defense focused. Not target ICP.,Not Started,
"WHITE, GRAHAM, BUCKLEY & CARR, LLC",,"Personal Injury, Employment Discrimination",1,"Established 1980, Independence, MO. Personal injury & employment focus. Not target ICP.",Not Started,
WIEDNER & MCAULIFFE,,"Workers Compensation, Civil Litigation",1,"National firm founded 1973, KC office part of multi-state presence. Defense litigation & workers comp focus. Not target ICP.",Not Started,
"WIESNER & FRACKOWIAK, LC",,"Bankruptcy, Tax Law",1,"Bankruptcy & tax specialist, 50+ years experience. Overland Park, KS. Not target ICP.",Not Started,
WILKES & DUNN,,"Contracts, Business Organizations, Real Estate, Litigation, Criminal",1,"Kansas partnership since 1977, AV rated. General practice with business focus. Not target ICP.",Not Started,
"WILLENS, MARK L., LAW OFFICE OF",,"Family Law, Real Estate, Personal Injury, Estate Planning, Probate, Litigation",1,41+ years family law experience. Family law + estate planning + probate. Strong ICP fit (family law + estate). Solo practice limits scale.,Not Started,
"WILLIAMS & CAMPO, PC",,"Municipal Law, Economic Development, Eminent Domain, Utilities, Land Use",1,Lee's Summit-based municipal law firm. Established 2005. Not target ICP.,Not Started,
WILLIAMS DIRKS DAMERON LLC,www.yonke-law.com,"Employment Law, Labor Relations, Patent Law, Wage & Hour, Class Actions, Business Law",42,"Established 2013, 8 employees. Business litigation & employment focus. Not target ICP (no family/estate/immigration).",Not Started,Website in source appears to be a different firm (www.yonke-law.com)
ADAMS LAW OFFICES,https://www.adamslawoffices.com/,"Family Law, Bankruptcy, Criminal, Probate",1,30+ years; Kansas City metro service area,Not Started,
ALDRIDGE & HALL VFW Bldg.,https://www.manta.com/c/mm8nsz7/aldridge-hall,"Attorney Referral Services, General Practice",1,Established 1977; incorporated Missouri,Not Started,
"ALTIERI LAW, LLC",https://midwestattorneys.com/,"Personal Injury, Medical Malpractice, Wrongful Death, Criminal Defense, Family Law, Traffic",1,Altieri Gilmore LLP; serves Kansas City/Blue Springs metro,Not Started,
"ANDERSON & MILHOLLAND, PC",andersonmilholland.net,"Estate Planning, Civil Law, Criminal Law, Mediation, Domestic Law, Probate, Real Estate",1,Founded 40+ years ago; serves Cass/Bates County area,Not Started,
"ARENSBERG LAW OFFICES, PA",https://marensberg.com/,"Real Estate, Franchise, Business Formation, Mergers & Acquisitions, Contract Law, Employment",1,"Founded 1990; Mark Arensberg, business law focus",Not Started,
BOLSTAD & RUARK,https://www.bolstadandruarklaw.com/,"Family Law, Divorce, Custody, Paternity, Personal Injury, Traffic/DWI, Business Planning, Adoptions, Wills/Probate, Mediation",8,Founded 1993; serves Clay/Platte County; Kansas City metro area; **ICP FIT: Family Law + Estate Planning**,Not Started,
"BOND LAW OFFICE, LLC",https://bondlawofficekc.com/,"Real Estate Transactions, Contract Drafting, Debt Defense, Civil Litigation, Estate Planning, DUI Defense",7,Led by Sanford P. Bond; boutique firm; full-service practice,Not Started,
"BOSCH, DENNIS B., LAW OFFICE OF",https://lawyers.findlaw.com/profile/view/2999112_1/,"Estate Planning, Family Law, Adoption, Real Estate",6,6 attorneys reported. No website available to determine practice area focus. Insufficient data for accurate ICP scoring.,Not Started,
BOWER LAW LLC,https://bowerlawkc.com/,"Family Law, Divorce, Custody, Adoption, Personal Injury, Estate Planning",5,5 attorneys reported. No website available. Cannot determine practice area or specialization.,Not Started,
"BRADLEY & BRADLEY, LC",https://www.bradleylclaw.com/,"Criminal Law, Traffic Law, Real Estate, Estate Planning, Probate",9,9 attorneys reported. No website available for practice area determination.,Not Started,
"BRADSHAW, STEELE, COCHRANE",https://bradshawsteele.com/,"Litigation, Workers Comp, Corporate, Real Estate, Family, Bankruptcy, Estate Planning",4,4 attorneys reported. No website. Insufficient information for ICP assessment.,Not Started,
"BRANCATO HAGGERTY & PALMENTERE, L.C.",https://bhplawfirm.com/,"Personal Injury, Wrongful Death, Workers Comp, Auto Accidents",9,9 attorneys reported. No website available. Cannot determine specialization.,Not Started,
"BRATCHER GOCKEL LAW, L.C.",https://www.bgklawyers.com/,"Employment Discrimination, Personal Injury, Trial Law",9,9 attorneys reported. No website. Practice area unknown.,Not Started,
"BRESSEL, JEROLD A., CHARTERED",http://bressellaw.org/,"Family Law, Corporate Law, Real Estate, Business Valuation, Child Custody/Support",9,9 attorneys reported. No website available for research.,Not Started,
BREWSTER & BREWSTER,https://www.lawyers.com/kansas-city/missouri/brewster-and-brewster-1031976-f/,General Practice,7,7 attorneys reported. No website. Insufficient data.,Not Started,
"BROWN & BROWN ATTORNEYS, LLC",https://www.brownandbrownattorneys.com/,"Personal Injury, Criminal Law, Bankruptcy, Wrongful Death",8,8 attorneys reported. No website available.,Not Started,
"BROWN & JAMES, PC",https://brownjames.com/,"Litigation, Appeals, Insurance Coverage, Defense Verdicts",15,15 attorneys reported. No website. Cannot assess practice area.,Not Started,
"BROWN & RUPRECHT, PC",https://brlawkc.com/,"Bankruptcy, Commercial Litigation, Construction, Corporate Transactions, Employee Benefits, Estate Planning, Family Law, Insurance, Labor & Employment, Professional Liability, Real Estate, Taxation",16,16 attorneys reported. No website available.,Not Started,
"BROWN LAW FIRM, LLC",https://brownlawfirmllc.com/,General Practice,8,Super Lawyers recognition; 1 attorney listed,Not Started,
"CLAYMAN, MICHAEL, LAW FIRM",https://ericclaymanlaw.com/criminal-trial-attorney/,"Personal Injury, Workers Compensation",1,Solo practice. No website. Cannot determine specialization.,Not Started,
"CLIFFORD & SAVIO, LLC",https://www.cliffordsaviolaw.com/,"Personal Injury, Auto Accidents, Trucking, Slip & Fall, Negligent Security, Wrongful Death",2,2 attorneys in Kansas City. No website. Insufficient data for practice area assessment.,Not Started,
"COPILEVITZ LAM & RANEY, PC",www.kcmba.org,unknown,239,"Input data shows 239 attorneys, which appears to be KCMBA database listing error (website URL = kcmba.org). Actual firm cannot be assessed.",Not Started,Yes - practice areas unknown or uncategorized
"DAVIS LAW FIRM, LLC, THE",https://davisattorneyskc.com/,"Family Law, Personal Injury, Civil Litigation, Landlord/Tenant, Traffic, Real Estate",6,6 attorneys reported. No website. Cannot determine practice area.,Not Started,
"DAVIS, SANDS & COLLINS, P.C.",http://ddsc-law.com/,"Estate & Trust Litigation, Estate Planning & Probate, Alternative Dispute Resolution",8,8 attorneys reported. No website available for research.,Not Started,
"DEAN & MODRCIN, LLC",https://profiles.superlawyers.com/kansas/overland-park/lawfirm/dean-and-modrcin-llc/,Family Law,7,7 attorneys reported. No website. Insufficient data.,Not Started,
"DEANS, J.H., LAW OFFICE OF",https://lawyers.findlaw.com/missouri/raytown/2205502_1/,"Social Security, Disability, Administrative Law, General Practice",7,7 attorneys reported. No website available.,Not Started,
"DEFEQ LAW FIRM, THE",https://www.deffetlaw.com/,"Personal Injury, Criminal Defense",9,9 attorneys reported. No website. Cannot assess specialization.,Not Started,
"DEJANES, SHERRY D., PC",https://ladylawyerkc.com/,"Consumer Fraud, Medical Malpractice, Personal Injury",6,6 attorneys reported. No website. Practice area unknown.,Not Started,
"DELUCCIE & O'HARA LAW OFFICES, LLC",https://www.yelp.com/biz/deluccie-and-o-hara-law-offices-independence,"Personal Injury, Family Law, Criminal Justice",8,8 attorneys reported. No website available.,Not Started,
"DEMPSEY, KINGSLAND & OSTEEN",https://www.dko-law.com/,"Personal Injury, Medical Malpractice, Nursing Home Negligence, Motor Vehicle, Vaccine Injury",11,11 attorneys reported. No website. Cannot determine specialization.,Not Started,
"DENNING LAW FIRM, LLC",https://www.denninglawfirm.com/,"Personal Injury, Civil Rights, Slip & Fall, Motor Vehicle Accidents, Product Liability, Medical Malpractice",9,9 attorneys reported. No website.,Not Started,
"DENT-BENNETT LAW OFFICE - JANECEE L. DENT-BENNETT, PC",https://www.dentbennett.com/,"Estate Planning, Real Estate, Probate, Business Law",7,7 attorneys reported. No website available.,Not Started,
"HALL, R. BRIAN, LAW OFFICE OF",https://www.lawyers.com/kansas-city/missouri/r-brian-hall-1028441-a/,"Family Law, Estate Planning, Real Estate, General Practice",1,58+ years licensed; Distinguished rating (2021); **ICP FIT: Family Law + Estate Planning**,Not Started,
"HALLAUER LAW OFFICE, LLC",https://www.hallauerlawoffice.com/,"Estate Planning, Probate, Property Law, Trust Administration",1,Debra Davis Hallauer; licensed MO/KS; practicing since 1990; **ICP FIT: Estate Planning**,Not Started,
"HANNA, MICHAEL W., LAW OFFICE OF",www.hannalegal.com,"Family Law, Criminal Defense, Probate, Estate Planning, Adoptions, Child Custody, DUI/DWI",1,Solo practitioner. Website exists but no detailed practice areas found in search.,Not Started,
"HANSON LAW, LLC",https://www.hansonlawkc.com/,"Workers Compensation, Personal Injury, Auto/Motorcycle Injury",2,Lance and Jake Hanson; serves MO and KS,Not Started,
"HEALY LAW FIRM, LLC, THE",www.healylawyers.com,Unknown,1,Solo practitioner. Website exists but practice areas not detailed in search results.,Not Started,Yes - practice areas unknown or uncategorized
LAW OFFICE OF CHARLES ANDRES,https://andreslawfirm.com/,"Estate Planning, Probate, Trust Administration, Elder Law, Real Estate, Tax Planning",1,Founded 1995; **Currently retired/closed** per recent updates,Not Started,Yes - practice areas unknown or uncategorized
"NELSON LAW FIRM, PC",,"Estate Planning, General Practice",7,"CLOSED as of December 31, 2021. No longer in operation.",Not Started,Yes - may be closed; verify status
"NEWMAN, COMLEY & RUTH",,"Real Estate, Agricultural Law, Personal Injury, Utility Law",8,"Jefferson City, MO location (NOT Kansas City). 30+ year firm with 9 lawyers. Regional firm, not KC metro primary.",Not Started,
"RYAN, HUGH H., LAW OFFICE OF",http://www.hughryanlaw.com/,"Business, Contract, Insurance, Employment Discrimination, Construction",1,Solo practitioner. No website found. Insufficient data for ICP scoring.,Not Started,
"SWARTZBAUGH, E. DAVID, LAW OFFICE",,"Employment Law, Business Law",1,Solo employment & business attorney. ~$109K annual revenue. Limited information. Not target ICP.,Not Started,
"THE ANGLES LAW FIRM, LLC",www.angleslaw.com,unknown,1,Solo practitioner. Website exists but practice areas not clearly identified in search. Kansas City location.,Not Started,Yes - practice areas unknown or uncategorized
"THE LAW OFFICE OF JASMINE ABOU-KASSEM, LLC",https://jaklawllc.com/,"Employment Discrimination, Civil Rights, Personal Injury",1,Founded 2018; UMKC Law grad; ex-Hallmark/Crayola in-house counsel; $87M+ settlement record,Not Started,
THE ROE LAW FIRM LLC,https://ltrlawfirm.com/,"Real Estate Law, Business Law",1,No clear web presence found. Roe & Epstein LLP (real estate) may be related. Insufficient data.,Not Started,
"THOMPSON COBURN, LLP",,"Multi-practice, 450+ attorneys",1,Large St. Louis-based national firm (450+ attorneys). No Kansas City office. Not target ICP geography.,Not Started,
"WELLS LAW FIRM, PC, THE",,Personal Injury,1,Solo personal injury attorney. Limited information. Not target ICP.,Not Started,
"ALVAREZ LAW FIRM, P.C.",www.alvarezlawkc.com,"Immigration, Social Security & Disability, Personal Injury, Wrongful Death, Employee Benefits, Criminal Law, Family Law",1,"Solo practitioner (Robert Anthony Alvarez, licensed MO+KS). General practice mix. Some family law, but primary focus appears to be immigration + disability. Established 2007. Limited family law emphasis.",Not Started,
HAZELTON & LANER LLP,,"General Civil Practice, Corporate Law, Probate, Real Estate, Taxation",3,3 attorneys. General civil practice with probate. Some estate focus but limited details. Moderate ICP alignment.,Not Started,
"HUTCHINGS & SCHWAPPACH, LLC",www.kcaccidentattorneys.com,"Personal Injury, Family Law, Juvenile Law, Estate Planning",79,"79 attorneys (large firm). Multiple practice areas including family law and estate planning, but personal injury is primary. Mixed signals on ICP.",Not Started,
KAPKE WILLERTH LLC,,"Civil Litigation, Real Estate, Probate & Estate Planning, Trust Administration, Employment Disputes, Personal Injury",1,1 attorney per input. Over 40 years experience. Lee's Summit base. Estate planning & probate focus fits ICP. Website limited content but multiple practice areas indicate small multi-practice firm.,Not Started,
LAW FIRM OF KEVIN STUART CAVANAUGH,https://www.cavlaw.com/,"Estate Planning, Family Law, Paternity, Real Estate",1,"Solo practice in Leawood, KS. Insufficient information for ICP assessment.",Not Started,
"MCLEAN, ROGER W., P.A.",,"Personal Injury, Auto Accidents, Wrongful Death",7,"Solo practitioner with 40 years experience. Personal injury focus only. Limited to individual cases, not firm-focused.",Not Started,
MCLEOD LAW FIRM P.C.,,"Medical Malpractice, Commercial Litigation, Personal Injury, Mediation",7,Solo practitioner - Richard McLeod. Primarily ADR/mediation. Not a fit for CaseDelta's platform (individual focus).,Not Started,
"MCMAHON, JOHN C., LAW OFFICE OF",,"Patent Law, Trademark, Copyright, IP Law",7,"IP specialist, now part of Avek IP LLC. Does not handle litigation or document-heavy practice areas. Low ICP fit.",Not Started,
MCQUAIN & ROSENBLOOM PC,,"Tax Law, Business Law, Family Law",9,Tax-focused firm with some family law. Founded 1982. Moderate litigation involvement. ICP candidate but tax-heavy.,Not Started,
"MCROBERTS & HARTIS, P.C.",,"Environmental Law, Real Estate, Compliance, Transactional",9,Environmental/real estate specialists. Not litigation-focused. Environmental compliance niche. Low document analysis value.,Not Started,
"MENCL LAW FIRM, THE",,Personal Injury,7,Solo/small firm. Lee's Summit location. Personal injury only. Limited upside.,Not Started,
"MEYERS, SHARON J., LAW OFFICES OF",,Social Security Disability,8,Specialized SSDI practice. Administrative law focus. Not litigation-heavy. Low document analysis value for CaseDelta.,Not Started,
MILLER & COMPANY P.C.,,"International Trade Law, Customs Law, Import/Export, Foreign Trade Zones",9,International trade specialist. Niche area. Not litigation-focused. Document analysis minimal value.,Not Started,
NAPOLI SHKOLNIK,,"Personal Injury, Mass Torts, Class Actions, Product Liability",6,"National firm with Overland Park office. $20B+ in settlements. Class action/mass tort focus. Large sophisticated firm, may not need CaseDelta.",Not Started,
"NASTEFF & QUINN, LLC",,"Employment Law, Business Litigation, Personal Injury, Special Education Law",8,"Founded 2015. Amy Quinn + Mark Nasteff partners. Mixed practice (employment, litigation). Moderate ICP candidate.",Not Started,
"NATHAN C. HARBUR, CHTD.",,"Personal Injury, Business Law, Real Estate, Corporate Law",8,Solo practitioner. 40+ years experience. General practice. Limited to individual/small business clients.,Not Started,
"NEWHOUSE BYERS SWANEY & JEFFERS, P.C.",,"Estate Planning, Real Estate, Wills",6,"Independence, MO location (Kansas City metro). Small firm. Estate planning + real estate. Limited litigation exposure.",Not Started,
NICOL MEDIATION LLC,,"Mediation, ADR, Civil Disputes",6,Mediation specialist (Jonathon Nicol). ADR-focused. Not litigation firm. Low document analysis value.,Not Started,
ODLE LAW FIRM,,"Entertainment Law, Sports Law, Commercial Litigation, Labor Law, Civil Rights",7,"Parkville, MO. Opened 2021. Boutique entertainment/sports focus. Solo practitioner. Low ICP relevance.",Not Started,
"ROTH DAVIES, LLC",,"Personal Injury, Criminal Defense, Family Law",1,"Overland Park, KS. Multi-practice (PI, criminal, family). Family law is one of three areas. Limited estate planning focus.",Not Started,
"RUSSELL, C. ANDERSON, LAW OFFICE",,General Practice,1,Solo practitioner. Limited web presence. Baltimore Ave location. General practice.,Not Started,
"SALMON, STEVEN B., LAW OFFICES OF",,"Criminal Law, Family Law",1,"Solo/small firm. Criminal law primary, family law secondary. 32+ years experience. Limited ICP fit.",Not Started,
"SHAPIRO & KREISMAN, LLC",,"Real Estate, Bankruptcy, Commercial Litigation",9,"Multi-location (Earth City, Mission KS, Overland Park KS). Real estate & bankruptcy focus. Not family law.",Not Started,
"SHAPIRO LAW OFFICE, P.A.",,"Transportation Law, Collections, Business Litigation, Family Law, Real Estate",8,"Overland Park, KS. Established 2004. Multi-practice firm. Family law is one of several areas.",Not Started,
"SUMMERS LAW FIRM, LC",,"Probate, Business Law, Trusts & Estates",1,Estate & probate specialist. Strong ICP fit (trusts & estates). Limited information available.,Not Started,
TAHIRKHELI & PREMER-CHAVEZ LAW OFFICE,,"Criminal Defense, Personal Injury, Family Law, Estate Planning",1,Multi-location (Liberal & KC). Mixed criminal/personal injury/family focus. Moderate ICP fit (has family law).,Not Started,
"TEEL LAW FIRM, LLC",,"Personal Injury, Probate, Business, Criminal Law",1,Kansas City-based. Mixed practice including probate. Limited signals on full scope.,Not Started,
"TRADER & SULLIVAN, L.L.C.",,"Personal Injury, Product Liability",1,Search returned Sullivan Law LLC info. Assume similar personal injury focus. Not target ICP.,Not Started,
WELCH & WEBB LLC,,"Personal Injury, Criminal Defense, Estate Planning, Probate",1,"Small firm with mixed practice. Limited signals on size. Not strong ICP fit (personal injury focused, not family law).",Not Started,
"WHIPPLE LAW FIRM, PC",,"Workers Compensation, Personal Injury, Disability, Estate Planning, Traffic",1,Small firm with mixed practice including estate planning. Kansas City area. Limited ICP fit.,Not Started,
"WICKERSHAM, STEVEN K., LAW OFFICE OF",,"Workers Compensation, Personal Injury, Family Law, Social Security, Employment Law",1,Solo attorney with 49 years licensed. Mixed practice including family law. Limited firm size.,Not Started,
"WICKHAM & WOOD, LLC",,"Labor Law, Workers Compensation, Employment Discrimination, Personal Injury",1,20+ year history serving labor unions. Labor & employment focus. Not target ICP.,Not Started,
"WILKINS, FRED, LAW OFFICE OF",,Alternative Dispute Resolution,1,Top-rated ADR attorney (deceased Apr 2025). Not target ICP.,Not Started,
ACCURSO & ASSOCIATES LLC,www.accursolawkc.com,general_practice,1,,Not Started,Yes - practice areas unknown or uncategorized
ALSPAUGH FAMILY LAW,,family/estate/immigration/real_estate/M&A,1,,Not Started,Yes - practice areas unknown or uncategorized
ANDERSEN & ASSOCIATES,,general_practice,9,,Not Started,Yes - practice areas unknown or uncategorized
ANDERSON & ASSOCIATES,www.mokslaw.com,general_practice,4,,Not Started,Yes - practice areas unknown or uncategorized
"B. Hurd, Kameron Kelly, Thomas B. Luebbering, Gregory J. Skoch, Paul Walker, Matthew B. Walters)",,unknown,1,,Not Started,Yes - practice areas unknown or uncategorized
BRADY & ASSOCIATES LAW OFFICE,,general_practice,8,,Not Started,Yes - practice areas unknown or uncategorized
"BRENTON LAW GROUP, PA",,general_practice,6,,Not Started,Yes - practice areas unknown or uncategorized
CHELEPIS & ASSOCIATES,chelepis.com,general_practice,1,,Not Started,Yes - practice areas unknown or uncategorized
"COLLABORATIVE LEGAL SOLUTIONS, LC",www.clslaw-firm.com,litigation/employment/healthcare/tax,1,,Not Started,Yes - practice areas unknown or uncategorized
"COMMERCIAL LAW GROUP, PA",www.commerciallawgroup.net,general_practice,1,,Not Started,Yes - practice areas unknown or uncategorized
DAVIS FAMILY LAW,,family/estate/immigration/real_estate/M&A,7,,Not Started,Yes - practice areas unknown or uncategorized
DEVAUGHN JAMES INJURY LAWYERS,,PI/contingency,11,,Not Started,Yes - practice areas unknown or uncategorized
"DEVRIES & ASSOCIATES, PC",,general_practice,7,,Not Started,Yes - practice areas unknown or uncategorized
HABEMCO LLC,https://www.habemco.com,"Business Services, Tribal Enterprise Law, Legal/Compliance",1,Not traditional law firm. Tribal enterprises support org. Native American tribal affiliation.,Not Started,
HADEL & ASSOCIATES,,general_practice,1,,Not Started,Yes - practice areas unknown or uncategorized
HAMILTON & ASSOCIATES,www.law-kc.com,general_practice,2,,Not Started,Yes - practice areas unknown or uncategorized
"HUBBARD & KURTZ, LLP",https://mokanlaw.com,"Personal Injury, Wrongful Death, Medical Malpractice",1,Founded 1976; 2 Super Lawyers; 60+ years combined experience; trial background,Not Started,
"HUBBELL LAW FIRM, LLC",https://www.lawinfo.com/lawfirm/missouri/kansas-city/hubbell-law-firm-llc/,"Real Estate, Business & Trade, Copyright, Trademark, Land Use & Zoning",1,Established multi-jurisdictional business law focus; Super Lawyers directory,Not Started,
HUGHES HUBBARD & REED LLP,https://www.hugheshubbard.com/locations/kansas-city,"Litigation, Product Liability, Toxic Tort, Complex Business Disputes",1,National firm; 382 Super Lawyers attorneys; KC office 2012+; David Woods (trial lawyer),Not Started,
"HUMPHREY, FARRINGTON & MCCLAIN, PC",https://hfmlegal.com,"Personal Injury, Wrongful Death, Consumer Litigation, Medical Malpractice",1,Founded 1984; $1.5B in verdicts/settlements over 40 years; complex PI specialty,Not Started,
"HUNTER & CASSIDY, LLC",https://www.huntercassidylaw.com,"Personal Injury, Product Liability, Business Litigation, Insurance Disputes",1,2 Super Lawyers-selected; former insurance defense; now plaintiff-side; strong trial rep,Not Started,
"HUNTER LAW GROUP, P.A.",,general_practice,1,,Not Started,Yes - practice areas unknown or uncategorized
HUSCH BLACKWELL LLP,https://www.huschblackwell.com/offices/kansascity_mo,"Corporate Law, Litigation, Real Estate, Healthcare, Financial Services",1,Full-service national firm; 382 Super Lawyers; 19 offices; industry-specific practices,Not Started,
"Jon R. Dedon, Jeffrey T. Donoho, Katy L. Houchin, Leigh Ann Massey, Cody D. Miller, Daniel A. Saathoff, Danielle M. Wallace, Mit S. Winter) (Firm Manager: Kelly G. Bieri) (Partner/Attorney: John C. Kennyhertz, Braden Perry)",,unknown,1,,Not Started,Yes - practice areas unknown or uncategorized
KANSAS CITY INJURY LAW GROUP (KCILG),,general_practice,1,,Not Started,Yes - practice areas unknown or uncategorized
KANSAS LEGAL GROUP,,general_practice,1,,Not Started,Yes - practice areas unknown or uncategorized
KC DEFENSE COUNSEL,,general_practice,1,,Not Started,Yes - practice areas unknown or uncategorized
KENDALL LAW GROUP LLC,,general_practice,1,,Not Started,Yes - practice areas unknown or uncategorized
"LAUREN ALLEN, LLC",https://www.laurenallenllc.com,"Civil Litigation, Plaintiff Personal Injury, Products Liability",1,Solo practitioner; 20 years experience; Lauren Perkins Allen Super Lawyers-selected,Not Started,
"LAWSON JADRIC SORENSEN, LLC",https://www.kclawpractice.com,"Family Law, Adoptions, Estate Planning, Probate Law, Trademark Law",1,3-attorney partnership; 2 Super Lawyers-selected; Kansas/Missouri licensed; **ICP FIT: Family Law**,Not Started,
LEGAL AID OF WESTERN MISSOURI,https://lawmo.org,"Family Law/Domestic Violence, Housing, Foreclosure, Healthcare, Consumer, Immigration",1,Non-profit; only comprehensive free civil legal services in western Missouri; LSC grantee; not target ICP,Not Started,Yes - practice areas unknown or uncategorized
"LEVERAGE LAW GROUP, LLC",,general_practice,1,,Not Started,Yes - practice areas unknown or uncategorized
"M.A. NIGRO AND ASSOCIATES, LLC",,general_practice,1,,Not Started,Yes - practice areas unknown or uncategorized
"MANEKE LAW GROUP, LC",,general_practice,1,,Not Started,Yes - practice areas unknown or uncategorized
"MANNTUCKERMUIRGORDON, LLC.",,unknown,1,,Not Started,Yes - practice areas unknown or uncategorized
MANSON KARBANK MCCLAFLIN,,unknown,1,,Not Started,Yes - practice areas unknown or uncategorized
MARCHAEL CONSULTING,,unknown,1,,Not Started,Yes - practice areas unknown or uncategorized
MARK & BURKHEAD,,unknown,1,,Not Started,Yes - practice areas unknown or uncategorized
"MARSHALL, WILLIAM N., III, ATTORNEY AT LAW",,unknown,1,,Not Started,Yes - practice areas unknown or uncategorized
"MARTIN; PRINGLE, OLIVER, WALLACE & BAUER, LLP",,unknown,1,,Not Started,Yes - practice areas unknown or uncategorized
"MARTSCHING LAW FIRM, LLC",https://www.martschinglaw.com,"Family Law, Estate Planning, Divorce, Child Custody, Property Division",1,Founded 1998; Carrie Martsching licensed MO/KS/NE; Liberty MO; **ICP FIT: Family Law + Estate**,Not Started,
"MATHEWS GROUP, LC",,general_practice,1,,Not Started,Yes - practice areas unknown or uncategorized
MATTEUZZI LAW,https://ma2zlaw.com,"Civil Litigation, Transportation/Trucking Defense, Insurance Defense, Catastrophic Injury, Wrongful Death, Product Liability, Construction",1,Michael D. Matteuzzi 30+ years trial experience Super Lawyers; taught trial at UMKC; multi-state,Not Started,
MAUER LAW FIRM PC,https://www.mauerlawfirm.com,"Commercial Litigation, Employment Law, Trust Litigation, Banking Law, Product Liability, Municipal Litigation, Eminent Domain",1,"Founded by former BigLaw attorneys; serves financial institutions, municipalities; City Attorneys",Not Started,
"MAYER & ASSOCIATES, P.C.",,general_practice,1,,Not Started,Yes - practice areas unknown or uncategorized
"MAYER, WILLIAM A.",,unknown,1,,Not Started,Yes - practice areas unknown or uncategorized
"MCANANY, VAN CLEAVE & PHILLIPS, PA",,unknown,1,,Not Started,Yes - practice areas unknown or uncategorized
"MCCALLEY, GORHAM AND BOWMAN, PC",,"General Practice, Attorneys",1,"Located Richmond MO (~30 miles from KC, OUTSIDE primary market); Lafayette County area; minimal web presence",Not Started,Yes - practice areas unknown or uncategorized
"MCCALLISTER LAW FIRM, PC",,unknown,1,,Not Started,Yes - practice areas unknown or uncategorized
"MCCARTHY LAW FIRM, P.C.",,unknown,1,,Not Started,Yes - practice areas unknown or uncategorized
MCNEIL & ASSOCIATES,,general_practice,6,,Not Started,Yes - practice areas unknown or uncategorized
MDIVANI CORPORATE IMMIGRATION LAW FIRM,,family/estate/immigration/real_estate/M&A,9,,Not Started,Yes - practice areas unknown or uncategorized
MISSOURI DWI & CRIMINAL LAW CENTER AT BENJAMIN LAW FIRM,,criminal,8,,Not Started,Yes - practice areas unknown or uncategorized
MISSOURI STATE PUBLIC DEFENDER - GLADSTONE,,criminal,22,,Not Started,Yes - practice areas unknown or uncategorized
NIEMANN LAW GROUP,,general_practice,12,,Not Started,Yes - practice areas unknown or uncategorized
"NORTH, BASIL L., JR., & ASSOCIATES",,general_practice,8,,Not Started,Yes - practice areas unknown or uncategorized
Page Footer,,unknown,1,,Not Started,Yes - practice areas unknown or uncategorized
"ROBB, TAYLOR & O’CONNOR",,unknown,1,,Not Started,Yes - practice areas unknown or uncategorized
"ROBERTSON LAW GROUP, THE",,general_practice,1,,Not Started,Yes - practice areas unknown or uncategorized
"SHAW, STACY & ASSOCIATES, LLC",,general_practice,8,,Not Started,Yes - practice areas unknown or uncategorized
"SHEPHERD ELDER LAW GROUP, LLC",,general_practice,12,,Not Started,Yes - practice areas unknown or uncategorized
SWL INJURY LAWYERS,,PI/contingency,1,,Not Started,Yes - practice areas unknown or uncategorized
TURNER & SWEENEY,,,,,Not Started,Yes - practice areas unknown or uncategorized
Visual Elements,,unknown,5,,Not Started,Yes - practice areas unknown or uncategorized
"WALLENTINE INJURY LAW FIRM, LLC",,PI/contingency,1,,Not Started,Yes - practice areas unknown or uncategorized
