Firm Name,Address,Phone,Fax,Website,Key Contacts,Attorney Count (Est.),ICP Score (1-5),Practice Areas,Firm Size Bucket,ICP Notes,Outreach Status,Last Contact,Next Follow-up,Notes
"ABELLA LAW FIRM, LLC","221 E. 11th St., Kansas City, MO 64106",(816) 421-7755,www.abellalaw.com,1,"Criminal Defense, DUI/DWI",1,high,"Solo practitioner (Gregory J. Abella). Criminal defense focus only with DUI/DWI specialization. Not a fit for CaseDelta ICP (criminal-only focus, solo). Spanish-speaking team available.",,,Not Started,,,
"ADAM & MCGREVEY, PA","10851 Mastin St Ste 1055, Overland Park, KS 66210",(913) 647-0670,www.adammcgrevey.com,3,"Medical Malpractice, Commercial General Liability Defense, Construction Litigation, Employment Law",4,high,"4 attorneys reported. Focuses on civil litigation defense (medical malpractice, construction, employment). Some document-heavy practices (construction), but limited family/estate law focus.",,,Not Started,,,
"ADAMS CROSS, LLC","303 E. Poplar, Olathe, KS 66061",(913) 782-5500,www.olathelaw.com,3,"Personal Injury, Medical Malpractice, Bankruptcy, Workers Compensation, Auto Accidents",3,high,"3 attorneys reported. Bankruptcy + personal injury mix. Good document volume (bankruptcy discovery), but not primary CaseDelta ICP (family law/estate). Virtual consultations available.",,,Not Started,,,
"ADLER & MANSON, LC","9233 Ward Pkwy., Ste. 240, Kansas City, MO 64114-3360",(816) 333-0400,www.adlerandmanson.com,2,"Personal Injury, Negligence, Accident Claims",2,high,2 attorneys reported. Personal injury focus with 70+ years combined experience and $95M+ recovered. NOT family law or estate planning despite initial research query. Low fit for CaseDelta.,,,Not Started,,,
"ALBANO, RICHART, WELCH & BAJACKSON, LLC","Law Building, 311 W. Kansas, Independence, MO 64050-3715",(816) 836-8000,www.arwblegal.com,5,"Family Law, Criminal Law, Divorce, Child Custody, Paternity, Adoption",3,high,"3 attorneys reported. EXCELLENT ICP FIT: family law focus (divorce, custody, paternity, adoption). Established 1965. Document-intensive practice. Active in Jackson County area.",,,Not Started,,,
ALLEN LAW,"12A Westwoods Dr., Liberty, MO 64068",(816) 781-5905,www.liberty-law.com,5,"Family Law, Divorce, Child Custody, Adoption, Estate Planning, Wills, Criminal Law, Corporate/Business",2,high,"2 attorneys reported. EXCELLENT ICP FIT: primary focus on family law (divorce, custody, support, adoption) with estate planning. Solo practitioner Mark Allen established 1991. Document-intensive work. Liberty, MO location.",,,Not Started,,,
"ANDERECK EVANS, LLC","119 E. Main St., P.O. Box 654, Smithville, MO 64089",(816) 532-3899,www.lawofficemo.com,3,"Litigation, Insurance Defense, Corporate Law, Workers Compensation, Personal Injury, Utility Law",4,high,"4 attorneys reported (Andereck, Evans, Widger, Johnson, Lewis firm). Multi-state (MO+KS). Litigation + corporate backbone. Insurance defense focus. Not ideal for CaseDelta (no family/estate specialization).",,,Not Started,,,
"ANDERSON & PRICE, PC","4218 Roanoke Rd., Ste. 305, Kansas City, MO 64111",(816) 753-5900,www.kansascitymolawoffices.com,4,"Family Law, Divorce, Immigration, Personal Injury, Traffic Law, Wills, Trusts, Probate",3,high,"3 attorneys reported. GOOD FIT: Strong family law + estate planning (wills, trusts, probate). Also immigration + personal injury. Licensed MO+KS. Document-intensive practice areas.",,,Not Started,,,
ANKERHOLZ & SMITH,"6900 College Blvd., Ste. 510, Overland Park, KS 66211",(913) 345-2000,www.ankerholzsmith.com,4,"Family Law, Divorce, Child Custody, Personal Injury, Workers Compensation, Social Security Disability",2,high,"2 attorneys (Rian F. Ankerholz, Daniel L. Smith). GOOD FIT: Family law emphasis (divorce, custody, support, prenups). Also personal injury + SSD. Licensed MO+KS. Overland Park location.",,,Not Started,,,
"BOGGS LAW FIRM, LLC",,,,4,"Family Law, Real Estate, Estate Planning, Criminal Defense, Personal Injury",9,high,"9 attorneys reported. GOOD FIT: Diverse practice including family law, estate planning, real estate. Founded 1988, formalized as LLC 2007. Led by James D. Boggs (former MOATA president). Kansas City location. Document-intensive work.",,,Not Started,,,
"BOLOGNA & BLAIR, LLC",,,,2,"Criminal Defense, DUI/DWI, Traffic Law, Personal Injury, Wrongful Death, Auto Accidents",8,high,"8 attorneys reported. 25+ years experience. Criminal/DUI focus with personal injury secondary. NOT ideal for CaseDelta (criminal-heavy, personal injury). Liberty/Kansas City area.",,,Not Started,,,
"BOLOGNA & BLAIR, LLC (duplicate)",,,www.bolognablair.com,2,"Criminal Defense, DUI/DWI, Traffic Law, Personal Injury, Wrongful Death, Auto Accidents",5-10,high,"Duplicate entry. See line 20 for full details. Criminal-heavy practice, not ideal for CaseDelta.",,,Not Started,,,
"BOND, SCHOENECK & KING, PLLC",,,,2,"Agribusiness, Commercial Lending, Real Estate Development, Construction, Energy, Healthcare, Manufacturing, Higher Education, Collegiate Sports",12,high,"12 attorneys in KC. LARGE firm (300+ lawyers nationally) with Kansas City office. Overland Park location. Focus on corporate, commercial, agribusiness. NOT ideal for CaseDelta (no family law, estate, or litigation). High-barrier BigLaw model.",,,Not Started,,,
"BOND, SCHOENECK & KING, PLLC (duplicate)",,,www.bsk.com,2,"Agribusiness, Commercial Lending, Real Estate Development, Construction, Energy, Healthcare, Manufacturing, Higher Education, Collegiate Sports",10+,high,"Duplicate entry. See line 23 for full details. Large national firm, not ideal ICP fit.",,,Not Started,,,
BOOTHE WALSH LAW & MEDIATION,,,,5,"Family Law, Divorce, Mediation, Domestic Relations",7,high,"Specialized family law firm with mediation services in Johnson County, Kansas. 3 attorneys on Super Lawyers/Rising Stars lists. Strong fit for CaseDelta family law segment.",,,Not Started,,,
BOULWARE LAW LLC,,,,4,"Employment Law, Business Litigation, Personal Injury, Antitrust, Intellectual Property, Wrongful Death",9,high,"9 attorneys. Full-service litigation firm handling employment discrimination, business disputes, serious injury cases. Brandon Boulware on Super Lawyers. Good fit for litigation document analysis.",,,Not Started,,,
"BOYD, KENTER, THOMAS & PARRISH LLC",,,,4,"Workers' Compensation, Labor Law, Personal Injury, Civil Litigation, Products Liability",29,high,"13 attorneys founded 1983, Kansas City area offices. Strong in workers' comp and civil litigation. Multiple Super Lawyers selections. Good document analysis fit.",,,Not Started,,,
"BROWN & CROUPPEN, P.C.",,,,4,"Personal Injury, Medical Malpractice, Civil Litigation, Wrongful Death, Product Liability, Workers' Compensation",8,high,50+ attorneys across 9 offices in Kansas City and St. Louis. Recovered over $1 billion for clients. Strong litigation focus. Excellent document analysis potential.,,,Not Started,,,
"CHINNERY EVANS & NAIL, P.C.",,,https://www.chinnery.com,5,"Estate Planning, Business Law, Real Estate, Probate, Trust Administration, Litigation, Elder Law, Bankruptcy",5-10,high,"Lee's Summit, MO. 9 attorneys with 125+ combined years experience. Strong in estate planning and probate. Excellent fit for estate planning segment of CaseDelta ICP.",,,Not Started,,,
"CHIONUMA LAW FIRM, LLC","3100 Broadway Blvd., Ste. 602, Kansas City, MO 64111",(816) 421-5544,www.chionuma.com,3,"Personal Injury, Workers' Compensation, Medical Malpractice, Product Liability, DUI/DWI",1,high,"Solo practice (Chuck Chionuma, Super Lawyers 2023-2025). Strong personal injury focus. Limited firm size for CaseDelta target, but high specialization.",,,Not Started,,,
"CHRISTIANSEN, JOHN ADAMS, LAW OFFICE OF, L.C.","4310 Madison Ave., Kansas City, MO 64111",(816) 416-7070,www.johnadamschristiansenlawoffice.com,2,"Workers' Compensation, Personal Injury, Employment Discrimination, Family Law, Municipal Court, Appellate Law",1,high,Solo practitioner with 20+ years experience. Multiple practice areas. Solo firm size limits CaseDelta fit despite legal diversity.,,,Not Started,,,
"CITY PROSECUTOR'S OFFICE OF KANSAS CITY, MISSOURI","511 E. 11th St., Kansas City, MO 64106",(816) 513-6750,www.kcmo.org,1,Criminal Prosecution,13,high,"Government agency with 13 attorneys. Criminal prosecution focus only. Not aligned with CaseDelta ICP (family law, estate, civil).",,,Not Started,,,
CLOON LAW FIRM,"11609 Manor Rd., Leawood, KS 66211",(913) 530-9022,cloonlaw.com,3,"Personal Injury, Auto Accidents, Medical Malpractice, Products Liability, Premises Liability",1,high,"Leawood, KS. Solo practice (Bryson Cloon, Super Lawyers). Founded 1969. Focused personal injury litigation. Solo size limits CaseDelta alignment.",,,Not Started,,,
"CLYDE & WOOD, LLC","11225 College Blvd., Ste. 110, Overland Park, KS 66210",(913) 663-5335,www.clydeandwood.com,4,"Family Law, Personal Injury, Medical Malpractice, Workers' Compensation, Civil Litigation, Real Estate",2,high,"Overland Park, KS. Founded 1979. Family law and civil litigation specialties. Good fit for family law segment of CaseDelta ICP.",,,Not Started,,,
"COHEN & DUNCAN ATTORNEYS, LLC","7015 College Blvd. #375, Overland Park, KS 66211",(913) 302-0152,www.studentrightslawyers.com,1,"Education Law, Student Rights, Title IX, Academic Appeals, Medical Student Appeals, K-12 Student Matters",1,high,Solo practice (Andrew Duncan; Clifford Cohen retired 2024). Highly specialized niche in education law. Not aligned with CaseDelta target markets.,,,Not Started,,,
"COLANTUONO GUINN KEPPLER, LLC","7015 College Blvd., Ste. 375, II Park Renaissance, Overland Park, KS 66211-1862",(913) 345-2555,www.ksmolaw.com,4,"Employment Law, Labor Law, Business & Corporate, Discrimination & Retaliation, Non-Compete/Trade Secrets, Litigation",4,high,"Overland Park/Leawood, KS. 4 attorneys. Employment and business litigation focus. Good fit for employment litigation document analysis.",,,Not Started,,,
COLLINS FOWLER LLC,"7501 N.W. Tiffany Springs Pkwy., Ste. 200, Kansas City, MO 64153-1960",(816) 880-9696,www.kcnorthlaw.com,4,"Bankruptcy, Business Law, Family Law, Estate Planning, Social Security Disability, Workers' Compensation, Personal Injury, Real Estate, Criminal",2,high,Kansas City North. 2 attorneys. Boutique firm with diverse practice areas including family law and estate planning. Strong fit for CaseDelta's target verticals.,,,Not Started,,,
CONROY BARAN LLC,"1316 St. Louis Ave., 2nd Fl., Kansas City, MO 64101",(816) 388-9686,,3,"Corporate & Business Law, Bankruptcy, Healthcare, Intellectual Property, M&A, Dispute Resolution, Real Estate, Trusts & Estates",5,high,"Kansas City, MO. 5 attorneys (input data). Corporate and M&A focus with some estate planning. Limited family law alignment.",,,Not Started,,,
"CONSTANGY BROOKS, SMITH & PROPHETE, LLP","1201 Walnut St, Ste 2350, Kansas City, MO 64106-2136",(816) 472-6400,www.constangy.com,4,"Employment Law, Labor Law, Wage & Hour, Workplace Safety, Immigration, Workers' Comp, Cybersecurity, ERISA",7,high,"KC office at 1201 Walnut, 816-472-6400. 250+ attorneys firm-wide across 21 states. Tim Davis leads KC. Employer-side employment law focus. Good for complex litigation.",,,Not Started,,,
COOK ELLIS LLC,"136 E. Walnut, Ste. 300, Independence, MO 64050",(816) 373-7379,www.ghafoorcook.com,4,"Estate Planning, Probate, Trusts, Bankruptcy, Business Law, Real Estate, Immigration, Intellectual Property",2,high,"Independence, MO (Kansas City metro). 2 attorneys. Strong estate planning and probate focus. Good fit for CaseDelta estate planning segment.",,,Not Started,,,
"COOLING & HERBERS, PC","1100 Main St., Ste. 2400, Kansas City, MO 64105",(816) 474-0777,www.coolinglaw.com,3,"Aviation Law, Business Law, Civil Litigation, Environmental Law, Insurance Law, Municipal Law, Real Estate Development, Zoning",4,high,"Kansas City, MO. Est. 1977. 4 attorneys (input data). Specialized in aviation law with diverse civil practice. Limited family law/estate focus.",,,Not Started,,,
"DAVIS BETHUNE & JONES, LLC",,(913) 383-2400,,4,"Personal Injury, Wrongful Death, Medical Malpractice, Civil Litigation, Product Liability, Mass Tort, Motor Vehicle Accidents, Railroad Litigation",19,high,"Kansas City, MO. 11 attorneys (input data). 20+ years in practice. 6 on Super Lawyers/Rising Stars. Strong civil litigation and wrongful death focus.",,,Not Started,,,
DENTONS US LLP,"7015 College Blvd., Ste. 375, II Park Renaissance, Overland Park, KS 66211-1862",(913) 345-2555,,3,"Real Estate, Corporate, M&A, Private Equity, Litigation, Insurance, Tax, Energy, White Collar, Intellectual Property",66,high,"Kansas City, MO. 66 attorneys (input data). Global mega-firm with KC office at 4520 Main St. Full-service corporate/M&A focus. Limited family law/estate alignment. High cost structure.",,,Not Started,,,
"DESIMONE PEARSON, LC","6320 Brookside Plaza, Ste. 182, Kansas City, MO 64113",(913) 904-6207,,4,"Business Law, Civil Litigation, Elder Law, Estate Planning, Probate, Real Estate",9,high,Founded 1995. Strong estate planning and probate focus with elder law. 9 attorneys. Fits ICP well with estate planning + business litigation.,,,Not Started,,,
"DFO LAW, LLC","1316 St. Louis Ave., 2nd Fl., Kansas City, MO 64101",(816) 388-9686,,3,"Litigation, Workers Compensation, Personal Injury, Insurance Coverage",8,high,"Boutique litigation/workers comp firm. 8 attorneys. Personal injury focus doesn't align strongly with ICP (family law, estate, immigration preferred).",,,Not Started,,,
DICKERSON OXTON LAW FIRM,"1201 Walnut St, Ste 2350, Kansas City, MO 64106-2136",(816) 472-6400,,2,"Personal Injury, Medical Malpractice, Products Liability, Mass Tort",236,high,"236 attorneys according to input (likely multi-office). Focus on personal injury/medical malpractice. 98% success rate. Too large and focused on personal injury, not ICP target.",,,Not Started,,,
"GUNN, SHANK & STOVER, PC","12200 N. Ambassador Dr., Ste. 410, Kansas City, MO 64163",(816) 454-5600,www.gunnshank.com,4,"Business Law, Litigation, Family Law, Estate Planning, Real Estate, Employment Law, Bankruptcy",5,high,"5 attorneys. Broad-based practice including family law, estate planning, business litigation. Perfect ICP fit for mid-market firm with family law services.",,,Not Started,,,
"GYLLENBORG & BROWN, P.A.","7450 W 130th St, Ste 310, Overland Park, KS 66213-2684",(913) 782-1400,www.gyllenborg.com,1,"Criminal Defense, White Collar Offenses, Federal Crimes, Sex Crimes, Drug Crimes",2,high,"2 attorneys. Exclusive criminal defense focus. Not aligned with ICP (family law, estate, immigration preferred). Criminal-only = score 1.",,,Not Started,,,
"HALBROOK WOOD, P.C.","3500 W. 75th St., Ste. 300, Prairie Village, KS 66208",(913) 529-1188,www.halbrookwoodlaw.com,3,"Employment Law, Civil Litigation, Commercial Litigation, Discrimination, Premises Liability, Products Liability",10,high,"10 attorneys. Focus on employment law and commercial litigation defense. Broader practice but not ICP target areas (missing family law, estate, immigration).",,,Not Started,,,
"HALE ROBINSON & ROBINSON, LLC","511 Delaware St., Ste. 100, Kansas City, MO 64105",(816) 605-1734,hrriawyers.com,5,"Family Law, Personal Injury, Criminal Defense, Divorce, Child Custody, Child Support",4,high,"4 attorneys. Strong family law focus (divorce, custody, support). Personal injury secondary. Excellent ICP fit for family law boutique.",,,Not Started,,,
"HALL & EVANS, LLC","1111 Main St., Ste. 700, Kansas City, MO 64105",(816) 656-2540,www.halleevans.com,3,"Civil Litigation, Employment Law, Workers Compensation, Real Estate Litigation, Administrative Law",4,high,"4 attorneys. Employment law and workers comp focus. General civil litigation. Not strong ICP fit (no family law, estate, immigration).",,,Not Started,,,
"HANKINS & CONKLIN, P.C.","6812 N. Oak Trfwy., Ste. 5, Gladstone, MO 64118-2587",(816) 436-3100,www.hankinsandconklin.com,4,"Personal Injury, Medical Malpractice, Family Law, Divorce, Child Custody, Adoption, Workers Compensation",2,high,"2 attorneys. Strong family law practice (divorce, custody, adoption) combined with personal injury/med mal. Good ICP fit for family law component.",,,Not Started,,,
HARDWICK LAW FIRM LLC,"2405 Grand Blvd., Ste. 800, Kansas City, MO 64108",(816) 221-9445,www.hardwicklaw.com,2,"Corporate Law, Real Estate, Finance, Transportation, Education, Healthcare",8,high,"8 attorneys. Focus on corporate finance, real estate, public finance. Not aligned with ICP (no family law, estate planning, immigration).",,,Not Started,,,
"HARRAH LAW, LLC","1903 Wyandotte St., Ste. 100, Kansas City, MO 64108",(816) 897-6000,harrahlaw.com,2,"Litigation, Real Estate, Construction Law, Creditors' Rights",5,high,5 attorneys. Business/commercial litigation focus. No family law or estate planning. Not aligned with ICP.,,,Not Started,,,
"HARRIS & HART, LLC","9260 Glenwood St., Overland Park, KS 66212",(913) 213-6980,harrisandhart.com,2,"Personal Injury, Trucking Accidents, Wrongful Death, Civil Defense Litigation, Insurance Defense",5,high,5 attorneys. Founded 2012. Focus on personal injury and insurance defense. Not aligned with ICP (family law/estate preferred).,,,Not Started,,,
"HARTMANN LAW OFFICE, LLC","2029 Wyandotte St, Ste 100, Kansas City, MO 64108-1971",(816) 599-6638,www.hlawkc.com,5,"Estate Planning, Wills, Trusts, Real Estate, Business Law",1,high,"Solo attorney. Strong estate planning focus (wills, trusts, POA). Excellent ICP fit despite small size.",,,Not Started,,,
HARVEST LAW KC,"5209 W. 164th St., Overland Park, KS 66085",(913) 851-4880,www.harvestlawkc.com,5,"Estate Planning, Trusts, Asset Protection, Charitable Planning, Business Succession",1,high,"Solo attorney (Kyle Krull). 30+ years experience. Dedicated estate planning practice (trusts, wills, business succession). Excellent ICP fit.",,,Not Started,,,
"HAUSNER LAW OFFICE, LLC","4520 Main Street, Suite 1570, Kansas City, MO 64111",(816) 343-9633,https://hausnerlawoffice.com/,3,"Construction Law, Business Disputes, Commercial Litigation, Contract Disputes",1,high,"Solo attorney (Toby Hausner). Construction and commercial dispute focus. General business litigation. Not ICP target (no family law, estate, immigration).",,,Not Started,,,
HAYNES BENEFITS PC,"2600 Grand Blvd, Ste 410, Kansas City, MO 64108-4601",(816) 875-1919,www.haynesbenefits.com,2,"Employee Benefits, ERISA, Employment Law, 401(k) Planning, Executive Compensation",8,high,"8 attorneys. Exclusive benefits/ERISA practice. Specialized vertical not aligned with ICP (family law, estate, immigration focused).",,,Not Started,,,
KC ELDER LAW,"9260 Glenwood St., Overland Park, KS 66212",(913) 213-6980,,4,"Elder Law, Estate Planning, Medicaid Planning, Probate, Trust Administration, Powers of Attorney, VA Benefits, Guardianship",1,high,"1 attorney per input. 3 licensed attorneys (Courtney Roy, Ken Herring, Amber Thailing). 20+ years in business. 3 offices in KC metro (Lee's Summit MO, Overland Park KS, Kearney MO). Elder law/probate aligns with estate planning ICP.",,,Not Started,,,
KELEHER & EASTMAN,"2029 Wyandotte St, Ste 100, Kansas City, MO 64108-1971",(816) 599-6638,,1,"DWI/DUI Defense, Criminal Defense, Real Estate Law, Traffic Law",1,high,2 attorneys (Keleher & Eastman). Founded 1988. Gladstone MO location. Criminal focus + DUI makes low ICP score. Not aligned with CaseDelta vertical.,,,Not Started,,,
"KELLY LAW OFFICE, PC","5209 W. 164th St., Overland Park, KS 66085",(913) 851-4880,,2,"Workers' Compensation, Personal Injury, Auto Accidents, Product Liability, Construction Law, Litigation",1,high,1 attorney (Mark E. Kelly). 100+ years combined experience. Liberty MO location. Workers comp & PI focus. Not CaseDelta ICP.,,,Not Started,,,
"KELLY, REED & JANSEN, LLC","908 Baltimore Ave, Ste 303, Kansas City, MO 64105",(816) 423-2530,,4,"Family Law, Divorce, Criminal Defense, Personal Injury, Probate Law, Landlord-Tenant Law",1,high,"3 partners listed (Kelly, Reed, Jansen). Lee's Summit location. 25+ years experience (Kelly). Family law + probate practice aligns with CaseDelta. ICP score 4+ due to family law + estate areas.",,,Not Started,,,
KEMPTON & RUSSELL,"4520 Main Street, Suite 1570, Kansas City, MO 64111",(816) 343-9633,,2,"Personal Injury, Medical Malpractice, Product Liability",1,high,"8 attorneys. Located in Sedalia, MO (outside KC proper). Founded 1951. Personal injury/med mal focus. Not aligned with ICP.",,,Not Started,,,
KENNERHERTZ PERRY,"425 NE Saint Andrews Cir, Lees Summit, MO 64064-1321",(816) 472-8800,,2,"Business Litigation, Startup Law, Mergers & Acquisitions, Government Enforcement, AI & Regulatory Compliance",12,high,"12 attorneys. Founded 2013. Business law and litigation focus (M&A, startups, AI regulatory). Not aligned with ICP (family law, estate, immigration).",,,Not Started,,,
KENNYHERTZ PERRY,,,,2,"Business Litigation, Transactional Law, M&A, Government Enforcement, White-Collar Crime, Regulatory Compliance, Startup Law, Real Estate, Securities, Sports Law, IP, AI/Regulatory",1,high,Exact attorney count not disclosed but website indicates multiple attorneys. Founded 2013 in KC. 9 Super Lawyers selections. Business/regulatory focus. Not CaseDelta ICP (no family/estate/immigration).,,,Not Started,,,
"KENT T. PERRY & CO., LC",,,,2,"Corporate Law, Banking Law, Commercial Real Estate, Mergers & Acquisitions, Business Formation",1,high,"11 attorneys. Founded 1996. Corporate/banking law focus. Not aligned with ICP (family law, estate, immigration preferred).",,,Not Started,,,
"KENTNER WYATT, LLC",,,,2,"Litigation, Bankruptcy, Criminal Defense, Consumer Protection, Collections",1,high,"8 attorneys. Bankruptcy, litigation, and criminal defense. Not aligned with ICP (family law, estate, immigration).",,,Not Started,,,
"KESSINGER LAW FIRM, P.C.",,,,2,"Business Litigation, Real Estate, Finance, Civil Litigation, Employment Discrimination",1,high,8 attorneys. Founded by James Kessinger (30+ years civil litigation). Business litigation and real estate focus. Not aligned with ICP.,,,Not Started,,,
"KETCHMARK & MCCREIGHT, P.C.",,,,2,"Personal Injury, Employment Discrimination, Complex Litigation, Class Action, Trial Practice",1,high,"12 attorneys. Trial-focused firm (5+ billion in verdicts). Personal injury/employment focus. Not aligned with ICP (family law, estate, immigration).",,,Not Started,,,
"KING, KURT H.",,,,4,"Family Law, Personal Injury, General Practice, Child Custody",1,high,Solo attorney. 30+ years. Family law and personal injury. Good ICP fit for family law boutique despite solo size.,,,Not Started,,,
KIRKENDALL DWYER LLP,,,,2,"Personal Injury, Motor Vehicle Accidents, Product Liability, Maritime Injuries, Social Security Disability, Workplace Injuries",1,high,"National personal injury firm with offices in 9 states. 12 named attorneys in KC area. Focus on contingency-based plaintiff representation. Not CaseDelta ICP (litigation/personal injury, not estate/family/immigration).",,,Not Started,,,
KIRKLAND WOODS & MARTINSEN LLP,,,,5,"Estate Planning, Trust Administration, Fiduciary Litigation, Probate, Guardianship, Real Estate, Business Formation, Alternative Dispute Resolution",1,high,"25 attorneys (per input). 4 offices (Liberty MO, Overland Park KS, Springfield MO, St. Louis MO). Renamed to Kembell Woods & Martinsen in Jan 2025. 13 Super Lawyers selections. Estate/probate focus aligns with CaseDelta ICP.",,,Not Started,,,
"KLAMANN & SCHERMERHORN, P.A.",,,,4,"Class Action Litigation, Complex Litigation, Employment Law, Securities, Toxic Torts, Business Law",1,high,9 attorneys listed (per input). Founded 2010 in KC. 2 Super Lawyers. AV Preeminent rating 2026. Focus on complex litigation and class actions. Employment law presence fits secondary ICP.,,,Not Started,,,
KNIGHT NICASTRO MACKAY LLC,,,https://www.kmmlaw.com/,2,"Civil Litigation, Railroad/FELA, Trucking & Transportation, Personal Injury Defense, Construction Law, Business Litigation, Insurance Defense, Professional Liability",10+,high,"30+ attorneys, 6 offices nationally (CO, IL, MO, MT). 104 attorneys per input data (likely error in source). KC office at 304 W 10th St. Focus on defense litigation & transportation. Not CaseDelta ICP.",,,Not Started,,,
LANGDON & EMISON,,,https://www.langdonemison.com/,2,"Personal Injury, Motor Vehicle Accidents, Product Liability, Trucking Accidents, Railroad Injuries, Medical Device Liability, Prescription Drug Liability, Wrongful Death, Mass Torts",10+,high,"12 Super Lawyers selections. 40+ years experience. Multi-state offices (Chicago, St. Louis, KC, Lexington MO). $1 billion in verdicts/settlements. National personal injury focus. Not CaseDelta ICP.",,,Not Started,,,
LATHROP GPM LLP,,,,3,"Intellectual Property, Franchise Law, Litigation, Transactional Work, Corporate/M&A, Employment Law, Environmental Law, Real Estate, Labor & Employment, Education Law, Banking & Finance, Venture Capital, Life Sciences, Health Care",1,high,"KC office: ~100 lawyers (largest office). Total: 376 attorneys, 12 offices nationwide. Am Law 200 #170. Full-service BigLaw firm. No family/estate focus. ICP 3 for general practice signal but not core verticals.",,,Not Started,,,
LAUBER MUNICIPAL LAW,,,,1,"Municipal Law, City Attorney Services, Land Use Planning, Zoning Law, Economic Development, Public Works, Contract Drafting, Police & Fire Law",1,high,"15+ attorneys across 3 locations. Founded 2010. Municipal law specialty. Serves 15 MO/KS counties. Not CaseDelta ICP (municipal focus, not private law).",,,Not Started,,,
"LAW OFFICE OF KEVIN J. MCMANUS, LLC",,,,3,"Personal Injury, Car Accidents, Truck Accidents, Disability Insurance",8,high,"Multi-office firm (KC, Lee's Summit, Overland Park). Strong personal injury focus. Growing firm with litigation portfolio. ICP candidate.",,,Not Started,,,
LAW OFFICES OF RODERICK C. WHITE,,,,2,"Personal Injury, Criminal Defense, Civil Rights",1,high,"Multi-state firm (TX, MO, IL). Personal injury & criminal focus. $150M+ in verdicts/settlements. Not target ICP.",,,Not Started,,,
LENTZ CLARK DEINES PA,,,,2,"Bankruptcy, Debtors Rights, Creditors Rights",1,high,"3 members (Clark, Deines, Hennier). Founded 1988. Overland Park KS. Bankruptcy specialty. Jeffrey Deines Super Lawyers 2013-2018, Rising Stars 2010-2012. Not CaseDelta ICP.",,,Not Started,,,
MARTIN PRINGLE OLIVER WALLACE & BAUER LLP,,,https://www.martinpringle.com/,4,"Adoption & Surrogacy, Appellate Practice, Aviation Law, Banking Law, Bankruptcy, Business Law, Civil Litigation, Construction Law, Employment Law, Energy Law, Estate Planning, Family Law, Health Law, Immigration Law, Oil & Gas Law, Products Liability, Real Estate, Workers Compensation",10+,high,"34+ attorneys. 4 offices (Wichita KS, Overland Park KS, El Dorado KS, Kansas City MO). Founded 1951. Full-service regional firm. Estate planning + family law coverage. ICP 4+ for adoption/family law breadth.",,,Not Started,,,
MCANANY VAN CLEAVE & PHILLIPS PA,,,https://mvplaw.com/,3,"Workers' Compensation Defense, Employment Law, Civil Litigation, Insurance Defense, Business Litigation, Transactions, Public Sector Law",10+,high,31+ Super Lawyers selections. 8 Midwest offices. Founded 1901. Primary: Workers comp + employment law. Secondary: civil litigation. Employment law focus fits secondary ICP but not primary.,,,Not Started,,,
"MCNEILE PAPPAS, PC",,,,3,"Business Law, Commercial Litigation, Bankruptcy, Debt Collection, Real Estate",8,high,"Established 1974. Business/commercial focus. Document-heavy practice (collections, bankruptcy, foreclosure). Document analysis value.",,,Not Started,,,
"MCSHANE & BRADY, LLC",,,,4,"Personal Injury, Medical Malpractice, Product Liability, HIPAA Violations, Class Action",8,high,Strong personal injury with class action/mass tort emphasis. HIPAA/data breach litigation. Excellent ICP fit. Document-heavy cases.,,,Not Started,,,
"MERRICK, BAKER & STRAUSS, PC",,,,3,"Insurance Defense, Workers Compensation, Bankruptcy, Collections, Commercial Litigation",9,high,"Established insurance defense/collections firm. Document-heavy (collections, bankruptcy). Moderate ICP fit. B2B/institutional clients.",,,Not Started,,,
"MEYERKORD, RUSSELL & HERGOTT","911 Main St., P.O. Box 220, Lexington, MO 64067-0220",(660) 259-4571,,4,"Personal Injury, Medical Malpractice, Wrongful Death, Catastrophic Injury",10,high,3 Super Lawyers. Established personal injury firm in River Market. High-value catastrophic cases. Strong ICP candidate.,,,Not Started,,,
"MEYERS, BRIAN TIMOTHY, LAW OFFICES OF",,,,4,"Personal Injury, Medical Malpractice, Construction Accidents, Wrongful Death",10,high,Founded 1987. 30+ years trial experience. Personal injury specialist. Downtown KC location. Strong ICP candidate.,,,Not Started,,,
"MILLIN, STEPHEN B. JR., LAW OFFICE OF",,,,4,"Personal Injury, Medical Malpractice, Product Liability, Business Litigation",9,high,Super Lawyer since 2005. 30+ year personal injury veteran. Downtown location. Strong litigation portfolio. ICP candidate.,,,Not Started,,,
"MILLSAP & SINGER, LLC",,,,3,"Foreclosure, Bankruptcy, Mortgage Litigation, Real Estate",7,high,Established 1970. Large staff (70 employees). Mortgage/foreclosure specialist. Document-heavy work. Not ideal ICP (lender-focused).,,,Not Started,,,
MIRFASIHI LAW OFFICES,,,,4,"Personal Injury, Auto Accidents, Truck Accidents, Medical Malpractice, Workers Compensation",7,high,Super Lawyer (Mav Mirfasihi). Multi-attorney firm. Strong personal injury practice. North KC location. Good ICP candidate.,,,Not Started,,,
NASH & FRANCISKATO LAW FIRM,,,,4,"Personal Injury, Medical Malpractice, Product Liability, Wrongful Death, Defective Medical Devices",10,high,Founded 2004. 4 Super Lawyers. $50M+ in settlements. Downtown KC location. Strong litigation practice. Excellent ICP candidate.,,,Not Started,,,
NELSON & YARNELL,,,,5,"Family Law, Divorce, Child Custody, Property Division",9,high,Established 2008. Super Lawyer (Ronald Nelson). Family law specialist. 3-attorney firm. AAML Fellow. Excellent ICP candidate for family law vertical.,,,Not Started,,,
"NICHOLS LAW FIRM, LLC, THE",,,,3,"Civil Litigation, Personal Injury, Auto Accidents, Employment Law, Medical Malpractice",7,high,Established 2000. 20+ years prior experience. Multi-practice litigation focus. Clay/Platte/Jackson counties. Good litigation exposure.,,,Not Started,,,
"NIGRO LAW FIRM, LLC",,,,1,"Criminal Defense, DUI/DWI, Drug Offenses, Assault",8,high,"Criminal defense only. Founded 1997. Super Lawyer (Ross Nigro). Not ICP fit - CaseDelta targets civil litigation (family, estate, M&A).",,,Not Started,,,
NOLAND LAW FIRM LLC,,,,4,"Personal Injury, Auto Accidents, Truck Accidents, Medical Malpractice, Workers Compensation",9,high,"Liberty, MO location (Kansas City metro). 55+ years combined experience. Broad personal injury portfolio. Strong litigation firm. Good ICP candidate.",,,Not Started,,,
"NORMAN & GRAVES, LLC",,,,4,"Personal Injury, Product Liability, Medical Malpractice, Class Action, Mass Tort",10,high,Founded 2003. 3 Super Lawyers. $100M+ in verdicts/settlements. Plaza area location. Strong litigation focus. Excellent ICP candidate.,,,Not Started,,,
"NORRIS KEPLINGER HICKS & WELDER, LLC",,,,4,"Civil Litigation, Personal Injury, Construction Law, Professional Liability, Medical Malpractice",14,high,"Overland Park, KS location. AV-rated firm. 200+ jury trials. Chambers USA ranked. Multi-practice litigation firm. Strong ICP candidate.",,,Not Started,,,
"NORTON & SPENCER, P.C.",,,,4,"Personal Injury, Medical Malpractice, Trucking Accidents, Wrongful Death, Construction Accidents",11,high,Established 1952. 60+ years experience. Principal attorney 150+ jury trials. $50M+ in settlements. North KC location. Excellent ICP candidate.,,,Not Started,,,
"NORTON HARE, L.L.C.",,,,3,"Family Law, Divorce, DUI/Criminal Defense, Personal Injury",11,high,"Overland Park, KS location. AV-rated (highest Martindale-Hubbell). Family law + criminal. Multi-practice. Family law ICP angle.",,,Not Started,,,
"OFODU LAW OFFICES, LLC",,,,4,"Personal Injury, Product Liability, Medical Malpractice, Auto Accidents, Truck Accidents",9,high,Downtown KC location (Grand Blvd). Solo/small firm. Strong personal injury portfolio. Good litigation exposure. ICP candidate.,,,Not Started,,,
"OGLETREE, DEAKINS, NASH, SMOAK & STEWART, PC",,,,3,"Employment Law, Labor Law, Class Action Defense, FLSA Litigation",23,high,"National firm (1,100+ attorneys, 60 offices). KC office 16 lawyers. Employment law specialist. Large sophisticated firm - may not need CaseDelta but document-heavy practice.",,,Not Started,,,
"OLIVER & REICHEL, PA",,,,4,"Medical Malpractice, Birth Injuries, Spinal Cord Injuries",12,high,"Overland Park, KS. Two attorneys with 25+ years experience. Super Lawyer status. Specialized medical malpractice. Excellent ICP candidate.",,,Not Started,,,
"ROBB, TAYLOR & O'CONNOR",,,,1,"Personal Injury, Wrongful Death, Workers' Compensation",9,high,"Kansas City, KS. Personal injury focus only. Not family law or estate. Criminal score only.",,,Not Started,,,
"RONAN LAW FIRM, THE",,,,1,"Medical Malpractice, Personal Injury, Wrongful Death, Nursing Home Negligence, Vaccine Litigation",1,high,"Overland Park, KS. Personal injury/medical malpractice focus. 45+ years experience. ICP mismatch.",,,Not Started,,,
"ROUSE FRETS WHITE GOSS GENTILE RHODES, P.C.",,,,3,"Business & Corporate Law, Real Estate, Construction Law, Medical Malpractice Defense, Commercial Litigation, Estate Planning, Labor & Employment",1,high,"Multi-office KC firm (Leawood, KC offices). 60+ attorneys total. Estate planning included but not primary. Regional firm.",,,Not Started,,,
"RS LAW, LLC",,,,4,"Family Law, Bankruptcy, Personal Injury, Estate Planning",1,high,High-asset family law focus. Located in Kansas City. ICP fit: family law + bankruptcy + solid size.,,,Not Started,,,
"RUBINS, KASE, HAGER, & CAMBIANO P.C.",,,,2,"Personal Injury, Social Security, Workers' Compensation",1,high,"Founded 1950. Personal injury focus, not family law. Larger firm (10+ attorneys). Not ideal ICP.",,,Not Started,,,
"RYNEARSON, SUESS, SCHNURBUSCH & CHAMPION LLC",,,,2,"Civil Litigation, Premises Liability Defense, Products Liability",1,high,"Multi-state firm with KC office. Civil litigation focus, not family law/estate. ICP mismatch.",,,Not Started,,,
"SADER LAW FIRM, LLC",,,,2,"Bankruptcy, Foreclosure Relief, Debt Relief, Real Estate, Commercial Collections",1,high,"Founded 1997, bankruptcy-focused. Not family law or estate planning focused. ICP mismatch.",,,Not Started,,,
"SAGE LAW, LLP",,,,5,"Estate Planning, Probate, Trust Administration, Estate Litigation, Elder Law, Civil Litigation, Family Law",1,high,"Excellent ICP fit: estate planning, probate, elder law, family law. Overland Park-based. 10+ attorneys. Primary practice areas match CaseDelta ICP perfectly.",,,Not Started,,,
"SANDAGE LAW, LLC",,,,1,"Criminal Defense, Professional License Discipline, White Collar Crime, Personal Injury",1,high,"Founded 1995. Criminal defense focus, not family law/estate. ICP score 1 - criminal only focus.",,,Not Started,,,
SANDBERG PHOENIX & VON GONTARD P.C.,,,,3,"Business, Business Litigation, Health Law, Intellectual Property, Products Liability, Individual & Family Law",1,high,Large multi-office firm (180+ attorneys). Family law is one of many practices. Kansas City office confirmed. General corporate litigation focus.,,,Not Started,,,
"SESSION LAW FIRM, THE",,,,1,Environmental Law,8,high,Environmental law specialist. Not family law/estate/litigation. ICP mismatch.,,,Not Started,,,
SEXTON & SHELOR,,,,3,"Medical Malpractice, Personal Injury, Domestic Relations, Workers' Compensation",8,high,"Established 1982. Personal injury primary, family law secondary. Shawnee Mission/Overland Park area.",,,Not Started,,,
"SEXTON, BENDER, HILL & STEINMAN, P.C.",,,,4,"Probate, Family Law, Real Estate, Civil Litigation, Estate Planning, Tax Law",14,high,"Gladstone, MO (KC area). Probate & family law primary. ICP fit: family law + estate planning. 10+ attorneys.",,,Not Started,,,
SEYFERTH BLUMENTHAL & HARRIS LLC,,,,2,"Commercial Litigation, Employment Litigation, Labor & Employment",21,high,Founded by BigLaw refugees. 13 lawyers. Labor & employment focus. Not family law/estate. ICP mismatch.,,,Not Started,,,
"SHACHTMAN LAW FIRM, THE",,,,1,"Personal Injury - General, Medical Malpractice, Products Liability",8,high,Personal injury plaintiff focus. Super Lawyer (Scott Shachtman). Not family law/estate. ICP mismatch.,,,Not Started,,,
SHAFFER LOMBARDO SHURIN,,,,2,"Construction Law, Business Litigation, Professional Liability, ADR, Business & Transactional Law",16,high,Founded 1994. Construction & commercial litigation focus. 12+ attorneys. ICP mismatch.,,,Not Started,,,
"SHAMBERG, JOHNSON & BERGMAN, CHTD.",,,,1,"Personal Injury, Wrongful Death, Medical Malpractice",28,high,Founded 1949. Personal injury specialist. 850M+ recovery record. Not family law. ICP mismatch.,,,Not Started,,,
"SHANK & HEINEMANN, LLC",,,,1,"Business Litigation, Commercial Litigation",10,high,"Mission Woods, KS. Commercial litigation focus. Not family law/estate. ICP mismatch.",,,Not Started,,,
"SHARMA-CRAWFORD, THE CLINIC AT, ATTORNEYS AT LAW",,,,1,"Immigration Law, Removal Defense, Appeals",9,high,Nonprofit law clinic. Immigration law specialist. Not family law/estate. ICP mismatch.,,,Not Started,,,
SHARP LAW LLP,,,,1,"Class Action Litigation, Complex Litigation, Antitrust, RICO, Consumer Protection",17,high,"Overland Park, KS. Class action/complex litigation focus. 50+ lead counsel cases. ICP mismatch.",,,Not Started,,,
"SHELTON LAW OFFICE, P.A.",,,,1,"Personal Injury, Wrongful Death, Foster Care Abuse, Insurance Dispute, Negligence",8,high,"Overland Park, KS. Personal injury/abuse focus. 20+ years trial experience. Not family law/estate.",,,Not Started,,,
"SHETLAR, JAMES R., LAW OFFICES, PA",,,,1,"Personal Injury, Medical Malpractice, Workers' Compensation",8,high,"Overland Park, KS. Medical litigation & injury focus. 35+ years experience. Not family law.",,,Not Started,,,
"SHIPMAN & DEHARDT, P.C.",,,,4,"Criminal Law, Family Law, Probate Law, Civil Law",10,high,Husband/wife team. Kansas City metro. ICP fit: family law + probate + civil litigation. 75+ combined years.,,,Not Started,,,
"SHOOK, HARDY & BACON L.L.P.",,,,1,"Intellectual Property, Environmental & Toxic Tort, Employment Litigation, Commercial Litigation, Products Liability, Cannabis",239,high,Large international firm (239 attorneys). Kansas City HQ. Litigation/IP focus. Not family law/estate. ICP mismatch.,,,Not Started,,,
STURDEVANT LAW OFFICE,,,,5,"Estate Planning, Probate, Elder Law",1,high,44+ years experience. Estate planning + probate specialist. Strong ICP fit (estate planning focus). Solo limits scale.,,,Not Started,,,
SULLIVAN LAW L.L.C.,,,,1,"Product Liability, Personal Injury, Wrongful Death, Civil Litigation",1,high,"Personal injury & product liability specialist, $100M+ in settlements. Not target ICP.",,,Not Started,,,
"SUMMERS & JOHNSON, PC",,,,1,"Medical Device Litigation, Defective Drug Litigation, Personal Injury",1,high,"Weston, MO-based with KC office. 30-year history in medical device/drug litigation. Not target ICP.",,,Not Started,,,
"SUTTON LAW OFFICE, PA",,,,5,"Estate Planning, Probate, Business Law, Elder Law",1,high,"Overland Park, KS. Estate planning + probate focus. Strong ICP fit (estate planning/probate). Founded 1999.",,,Not Started,,,
SWANSON BERNARD LLC,,,,4,"Corporate Law, Litigation, Tax, Trusts & Estates, Real Estate, Employment",1,high,Kansas City full-service firm. 7+ Super Lawyers listed. Strong in trusts & estates. Not strong family law signals.,,,Not Started,,,
"TAFRESHI LAW, LLC",,,,5,"Family Law, Estate Planning, Divorce, Probate, Guardianship, Adoption",1,high,"Olathe, KS. Strong family law + estate planning focus. Dana Tafreshi founded 2012. Excellent ICP fit.",,,Not Started,,,
TAMMY HORN LLC,,,,1,Employment Litigation,1,high,"30+ years trial attorney, employment litigation focused. Not target ICP.",,,Not Started,,,
"TERRIL LAW FIRM, LLC",,,,1,Personal Injury,1,high,"Personal injury specialist, Super Lawyer rated. Founded 1996. Not target ICP.",,,Not Started,,,
THE ACCURSO LAW FIRM,"4646 Roanoke Pkwy., Kansas City, MO 64112",(816) 561-3900,www.accursolaw.com,3,"Personal Injury, Products Liability, Commercial Litigation, Insurance Defense",8,high,"8 attorneys reported. Personal injury focus, litigation-heavy. Not ideal for CaseDelta (personal injury, not document-heavy practice areas like family law or estate). Has recovered $95M+ for clients.",,,Not Started,,,
THE HASTINGS LAW FIRM,"908 Baltimore Ave, Ste 303, Kansas City, MO 64105",(816) 423-2530,www.hastingslawfirmonline.com,1,"Criminal Defense, Felony Defense",1,high,Solo attorney (Molly Hastings). 23 years criminal defense experience. Exclusive criminal practice. Not aligned with ICP. Score 1 (criminal only).,,,Not Started,,,
THE KENNER LAW FIRM P.C.,"4600 Madison, Ste. 650, Kansas City, MO 64112-3032",(816) 753-5678,,2,"Personal Injury, Medical Malpractice, Nursing Home Abuse, Trucking Accidents",1,high,"6 attorneys. Medical malpractice and personal injury focus. Not aligned with ICP (family law, estate, immigration preferred).",,,Not Started,,,
"THE LAW OFFICES OF TRACY L. ROBINSON, LC",,,,1,"Bankruptcy, Consumer Law",1,high,Founded 1993. Bankruptcy specialist. Not family law/estate. ICP mismatch.,,,Not Started,,,
"THE MEYERS LAW FIRM, LC",,,,3,"Employment Law, Civil Rights, Personal Injury, Consumer Law",11,high,Founded 1981. Employment + civil rights focus. Major win: $57M age discrimination settlement. Document-intensive litigation.,,,Not Started,,,
"THE NAIL LAW FIRM, LLC",,,,4,"Personal Injury, Medical Malpractice, Catastrophic Injury, Trucking Accidents",8,high,"Founded by Roger Nail. 2 Super Lawyers. High-value catastrophic cases. Multi-office (KC, Lee's Summit). Strong ICP fit.",,,Not Started,,,
THE WELDER FIRM,,,,1,"Catastrophic Injury, Wrongful Death, Workers Compensation, Auto/Truck Accidents",1,high,"Plaintiff personal injury firm. Not target ICP (injury litigation, not family/estate/immigration).",,,Not Started,,,
"THILGES BERNHARDT & ISAACS, ATTORNEYS AT LAW, LLC",,,,5,"Divorce, High-Asset Divorce, Family Law, Mediation, Paternity, Prenuptial/Postnuptial",1,high,"Overland Park boutique family law firm since 1991. 4+ attorneys. Excellent ICP fit - family law specialist, high-asset focus.",,,Not Started,,,
"THOMASON, MARK, LAW OFFICE OF, LLC",,,,1,Criminal Law,1,high,Criminal law specialist with KC and Blue Springs offices. 44+ years experience. Not target ICP.,,,Not Started,,,
"THOMPSON LAW OFFICES, P.C.",,,,1,"Personal Injury, Product Liability, Traumatic Brain Injury",1,high,North Kansas City personal injury trial firm. Contingency model. Not target ICP.,,,Not Started,,,
"THORNBERRY BROWN, LLC",,,,2,"Employment Law, Personal Injury, Discrimination, Retaliation",1,high,Kansas City employment & personal injury firm. 15+ year history. Not target ICP (employment/PI focused).,,,Not Started,,,
TOMASIC & REHORN,,,,2,"Workers Compensation, Business, Employment, Real Estate",1,high,"Kansas City, KS since partnership formed. 50+ years combined experience. Not target ICP.",,,Not Started,,,
"TONGIER, JOHN D., LLC",,,,1,"Mediation, Personal Injury, Medical Negligence",1,high,"Overland Park mediator, 40+ years experience. Almost exclusively mediation since 2018. Not target ICP.",,,Not Started,,,
"TROPPITO MILLER GRIFFIN, LLC",,,,2,"Construction Law, DUI/DWI, Criminal Law, Bankruptcy, Real Estate, Estate Planning",1,high,"Full-service firm, founded 1940. Construction law specialist. Limited estate planning signals. Not strong ICP fit.",,,Not Started,,,
TURNER & SWEENEY,,,,1,"Personal Injury, Medical Malpractice, Products Liability, Wrongful Death",1,high,Established 1998. Personal injury & medical malpractice. 2 Super Lawyers listed. Not target ICP.,,,Not Started,,,
TURNER & SWEENY,,,,2,"Personal Injury, Medical Malpractice, Workers Compensation, Auto Accidents, Wrongful Death",1,high,"2 attorneys (Christopher P. Sweeny, John E. Turner - both Super Lawyers). Located at 10401 Holmes Rd, Suite 250, KC MO. Founded 1998. Personal injury focus only. Not family law/estate. Low ICP fit.",,,Not Started,,,
TURNEY LG,,,,2,"Product Liability, Professional Liability, Medical Liability, Insurance Liability",1,high,Kansas City litigation boutique. Defense-focused (product/professional/medical liability). Not target ICP.,,,Not Started,,,
"WALTERS LAW FIRM, LLC",,,,2,"Serious Injury, Wrongful Death, Personal Injury",1,high,"2 attorneys (Lon Walters, Christin DiMartino). Located at 23A E 3rd St, KC MO. Serious injury and wrongful death focus since 1998. Not family law/estate. Low ICP fit.",,,Not Started,,,
"WALTERS RENWICK RICHARDS & VAUGHAN, P.C.",,,,2,"Class Action, Complex Litigation, Construction Law, Product Liability, Personal Injury, Consumer Fraud, Business Disputes, Medical Malpractice",1,high,"4 attorneys (R. Frederick Walters, J. Michael Vaughan, Karen W. Renwick, Kip D. Richards - all Super Lawyers). Located at 1100 Main City Center Square, Suite 2500, KC MO. Founded 1991. Litigation powerhouse with major verdicts ($217.7M, $12M settlements). Not family law. Low ICP fit.",,,Not Started,,,
"WARDEN GRIER, LLP",,,,2,"Commercial Litigation, Civil Trial Practice, Arbitration, Financial Loss Litigation, Property Loss, Medical Malpractice, Legal Malpractice, Fiduciary Claims, Construction Litigation",1,high,"6 attorneys (J. Michael Grier, James M. Warden, others). Located at 420 Nichols Rd, Suite 200, KC MO. Founded 2002. Commercial litigation powerhouse. Not family law. Low ICP fit.",,,Not Started,,,
"WASSBERG, JOHN, LAW OFFICE, LLC",,,,2,"Business Transactions, Tax Law, Real Estate Law",1,high,"John I. Wassberg solo practice. Located at 8601 Ash Lane, Prairie Village KS. Admitted 1969 (55+ years). Business, litigation, and real estate focus. AV Preeminent rating. Not family law. Low ICP fit.",,,Not Started,,,
"WATSON & DAMERON, LLP",,,,2,"Personal Injury, Workers Compensation, Immigration, Criminal Law, Medical Malpractice, Traffic Court",1,high,"3 attorneys (Russell S. Dameron, Kathleen Marie Hagen, Henri J. Watson). Located at 2500 Holmes St, KC MO. Founded 1984. Diverse practice areas but no family law. Low ICP fit.",,,Not Started,,,
WATTERS WOLF BUB HANSMANN,,,,3,"Civil Litigation, Personal Injury, Appellate Law, Insurance Coverage, Construction Litigation, Employment & Labor",1,high,"Trial lawyers with 40+ years experience, 1000+ cases tried. Multi-state appellate practice. Not target ICP (no family/estate/immigration).",,,Not Started,,,
WENDT LAW FIRM P.C.,,,,1,Personal Injury,1,high,"Personal injury trial firm, $100M+ in settlements. Founded attorney Samuel Wendt. Not target ICP.",,,Not Started,,,
"WHITE, F.A., LAW OFFICE OF",,,,1,"Criminal Defense, Federal Practice",1,high,Criminal defense focused. Not target ICP.,,,Not Started,,,
"WHITE, GRAHAM, BUCKLEY & CARR, LLC",,,,2,"Personal Injury, Employment Discrimination",1,high,"Established 1980, Independence, MO. Personal injury & employment focus. Not target ICP.",,,Not Started,,,
WIEDNER & MCAULIFFE,,,,2,"Workers Compensation, Civil Litigation",1,high,"National firm founded 1973, KC office part of multi-state presence. Defense litigation & workers comp focus. Not target ICP.",,,Not Started,,,
"WIESNER & FRACKOWIAK, LC",,,,1,"Bankruptcy, Tax Law",1,high,"Bankruptcy & tax specialist, 50+ years experience. Overland Park, KS. Not target ICP.",,,Not Started,,,
WILKES & DUNN,,,,2,"Contracts, Business Organizations, Real Estate, Litigation, Criminal",1,high,"Kansas partnership since 1977, AV rated. General practice with business focus. Not target ICP.",,,Not Started,,,
"WILLENS, MARK L., LAW OFFICE OF",,,,5,"Family Law, Real Estate, Personal Injury, Estate Planning, Probate, Litigation",1,high,41+ years family law experience. Family law + estate planning + probate. Strong ICP fit (family law + estate). Solo practice limits scale.,,,Not Started,,,
"WILLIAMS & CAMPO, PC",,,,1,"Municipal Law, Economic Development, Eminent Domain, Utilities, Land Use",1,high,Lee's Summit-based municipal law firm. Established 2005. Not target ICP.,,,Not Started,,,
WILLIAMS DIRKS DAMERON LLC,"12117 Dearborn St., Overland Park, KS 66209",(913) 266-8169,www.yonke-law.com,3,"Employment Law, Labor Relations, Patent Law, Wage & Hour, Class Actions, Business Law",42,high,"Established 2013, 8 employees. Business litigation & employment focus. Not target ICP (no family/estate/immigration).",,,Not Started,,,
ADAMS LAW OFFICES,"1400 SW US Highway 40, Blue Springs, MO 64015-4616",(816) 228-1776,,2,unknown,1,low,Solo practitioner. No website. Unable to determine practice areas.,,,Not Started,,,
ALDRIDGE & HALL VFW Bldg.,"406 W. 34th St., Ste. 410, Kansas City, MO 64111-2782",(816) 531-5787,,2,unknown,1,low,Solo practitioner. No website. Unable to determine practice areas.,,,Not Started,,,
"ALTIERI LAW, LLC","210 SW Market St. Ste 126, Lee’s Summit, MO 64063",(816) 695-1739,,2,unknown,1,low,Solo practitioner. No website. Unable to determine practice areas. Lee's Summit location.,,,Not Started,,,
"ANDERSON & MILHOLLAND, PC","2502 W. Mechanic St., P.O. Box A, Harrisonville, MO 64701",(816) 380-3366,andersonmilholland.net,2,unknown,1,low,"Solo practitioner. Limited web presence. Unable to determine practice areas. Harrisonville, MO location.",,,Not Started,,,
"ARENSBERG LAW OFFICES, PA","PO Box 7646, Overland Park, KS 66207-0646",(913) 346-4700,,2,unknown,1,low,"Solo practitioner. No website. Overland Park, KS location. Unable to determine practice areas.",,,Not Started,,,
"BOGGS LAW FIRM, LLC, THE Picture Hills Centre",,,,3,unknown,8,low,8 attorneys reported. Duplicate/alternative entry for BOGGS LAW FIRM (see line 19 for details).,,,Not Started,,,
BOLSTAD & RUARK,,,,3,unknown,8,low,8 attorneys reported. No website or contact info in batch. Unable to determine practice areas.,,,Not Started,,,
BOLSTAD & RUARK (duplicate),,,,3,unknown,5-10,low,Duplicate entry. See line 21 for full details.,,,Not Started,,,
"BOND LAW OFFICE, LLC",,,,3,unknown,7,low,7 attorneys reported. No website or contact info in batch. Unable to determine practice areas.,,,Not Started,,,
"BOND LAW OFFICE, LLC (duplicate)",,,,3,unknown,5-10,low,Duplicate entry. See line 22 for full details.,,,Not Started,,,
"BOSCH, DENNIS B., LAW OFFICE OF",,,,2,unknown,6,low,6 attorneys reported. No website available to determine practice area focus. Insufficient data for accurate ICP scoring.,,,Not Started,,,
BOWER LAW LLC,,,,2,unknown,5,low,5 attorneys reported. No website available. Cannot determine practice area or specialization.,,,Not Started,,,
"BRADLEY & BRADLEY, LC",,,,2,unknown,9,low,9 attorneys reported. No website available for practice area determination.,,,Not Started,,,
"BRADSHAW, STEELE, COCHRANE",,,,2,unknown,4,low,4 attorneys reported. No website. Insufficient information for ICP assessment.,,,Not Started,,,
"BRANCATO HAGGERTY & PALMENTERE, L.C.",,,,2,unknown,9,low,9 attorneys reported. No website available. Cannot determine specialization.,,,Not Started,,,
"BRATCHER GOCKEL LAW, L.C.",,,,2,unknown,9,low,9 attorneys reported. No website. Practice area unknown.,,,Not Started,,,
"BRESSEL, JEROLD A., CHARTERED",,,,2,unknown,9,low,9 attorneys reported. No website available for research.,,,Not Started,,,
BREWSTER & BREWSTER,,,,2,unknown,7,low,7 attorneys reported. No website. Insufficient data.,,,Not Started,,,
"BROWN & BROWN ATTORNEYS, LLC",,,,2,unknown,8,low,8 attorneys reported. No website available.,,,Not Started,,,
"BROWN & JAMES, PC",,,,2,unknown,15,low,15 attorneys reported. No website. Cannot assess practice area.,,,Not Started,,,
"BROWN & RUPRECHT, PC",,,,2,unknown,16,low,16 attorneys reported. No website available.,,,Not Started,,,
"BROWN LAW FIRM, LLC",,,,3,unknown,8,low,8 attorneys reported. No website or contact info in batch. Unable to determine practice areas.,,,Not Started,,,
"BROWN LAW FIRM, LLC, THE",,(913) 383-2400,,2,unknown,8,low,8 attorneys. Phone (913) 383-2400 provided. No website for practice area research.,,,Not Started,,,
"CLAYMAN, MICHAEL, LAW FIRM","4515 W. 62nd Ter., Fairway, KS 66205",(816) 872-6829,,1,unknown,1,low,Solo practice. No website. Cannot determine specialization.,,,Not Started,,,
"CLIFFORD & SAVIO, LLC","1100 Main St, Ste 2600, Kansas City, MO 64105-5194",,,2,unknown,2,low,2 attorneys in Kansas City. No website. Insufficient data for practice area assessment.,,,Not Started,,,
"COPILEVITZ LAM & RANEY, PC","310 W 20th St, Ste 300, Kansas City, MO 64108-2025",(816) 472-9000,www.kcmba.org,1,unknown,239,low,"Input data shows 239 attorneys, which appears to be KCMBA database listing error (website URL = kcmba.org). Actual firm cannot be assessed.",,,Not Started,,,
"DAVIS LAW FIRM, LLC, THE","8695 College Blvd, Ste. 200, Shawnee Mission, KS 66210",(913) 338-0590,,2,unknown,6,low,6 attorneys reported. No website. Cannot determine practice area.,,,Not Started,,,
"DAVIS, SANDS & COLLINS, P.C.","800 N.E. Vanderbilt Ln., Lee’s Summit, MO 64064",(816) 525-2050,,2,unknown,8,low,8 attorneys reported. No website available for research.,,,Not Started,,,
"DEAN & MODRCIN, LLC","3100 Broadway Blvd., Ste. 602, Kansas City, MO 64111",(816) 421-5544,,2,unknown,7,low,7 attorneys reported. No website. Insufficient data.,,,Not Started,,,
"DEANS, J.H., LAW OFFICE OF","4310 Madison Ave., Kansas City, MO 64111",(816) 416-7070,,2,unknown,7,low,7 attorneys reported. No website available.,,,Not Started,,,
"DEFEQ LAW FIRM, THE","511 E. 11th St., Kansas City, MO 64106",(816) 513-6750,,2,unknown,9,low,9 attorneys reported. No website. Cannot assess specialization.,,,Not Started,,,
"DEJANES, SHERRY D., PC","4515 W. 62nd Ter., Fairway, KS 66205",(816) 872-6829,,2,unknown,6,low,6 attorneys reported. No website. Practice area unknown.,,,Not Started,,,
"DELUCCIE & O'HARA LAW OFFICES, LLC","1100 Main St, Ste 2600, Kansas City, MO 64105-5194",,,2,unknown,8,low,8 attorneys reported. No website available.,,,Not Started,,,
"DEMPSEY, KINGSLAND & OSTEEN","11609 Manor Rd., Leawood, KS 66211",(913) 530-9022,,2,unknown,11,low,11 attorneys reported. No website. Cannot determine specialization.,,,Not Started,,,
"DENNING LAW FIRM, LLC","11225 College Blvd., Ste. 110, Overland Park, KS 66210",(913) 663-5335,,2,unknown,9,low,9 attorneys reported. No website.,,,Not Started,,,
"DENT-BENNETT LAW OFFICE - JANECEE L. DENT-BENNETT, PC","7015 College Blvd. #375, Overland Park, KS 66211",(913) 302-0152,,2,unknown,7,low,7 attorneys reported. No website available.,,,Not Started,,,
"HALL, R. BRIAN, LAW OFFICE OF","1400 N.W. 43rd Terr., Kansas City, MO 64116",(816) 507-3331,,2,Unknown,1,low,Solo practitioner. No website. Unable to determine practice areas. Likely general practice solo.,,,Not Started,,,
"HALLAUER LAW OFFICE, LLC","4707 College Blvd., Ste. 105, Leawood, KS 66211",(913) 345-0000,,2,Unknown,1,low,Solo practitioner. No website. Unable to determine practice areas.,,,Not Started,,,
"HANNA, MICHAEL W., LAW OFFICE OF","10408 E. 63rd Ter., Raytown, MO 64133-5154",(816) 358-5655,www.hannalegal.com,2,Unknown,1,low,Solo practitioner. Website exists but no detailed practice areas found in search.,,,Not Started,,,
"HANSON LAW, LLC","3145 Broadway Blvd, Kansas City, MO 64111",(816) 561-2555,,2,Unknown,2,low,2 attorneys. No website found. Unable to determine practice areas.,,,Not Started,,,
"HEALY LAW FIRM, LLC, THE","425 NE Saint Andrews Cir, Lees Summit, MO 64064-1321",(816) 472-8800,www.healylawyers.com,2,Unknown,1,low,Solo practitioner. Website exists but practice areas not detailed in search results.,,,Not Started,,,
LAW OFFICE OF CHARLES ANDRES,"130 N Cherry St, Ste 103, Olathe, KS 66061-3460",(913) 782-8298,,2,unknown,1,low,"Solo practitioner. No website. Olathe, KS location. Unable to determine practice areas.",,,Not Started,,,
"NELSON LAW FIRM, PC",,,,1,"Estate Planning, General Practice",7,low,"CLOSED as of December 31, 2021. No longer in operation.",,,Not Started,,,
"NEWMAN, COMLEY & RUTH",,,,2,"Real Estate, Agricultural Law, Personal Injury, Utility Law",8,low,"Jefferson City, MO location (NOT Kansas City). 30+ year firm with 9 lawyers. Regional firm, not KC metro primary.",,,Not Started,,,
"RYAN, HUGH H., LAW OFFICE OF",,,,1,Unknown,1,low,Solo practitioner. No website found. Insufficient data for ICP scoring.,,,Not Started,,,
"SWARTZBAUGH, E. DAVID, LAW OFFICE",,,,1,"Employment Law, Business Law",1,low,Solo employment & business attorney. ~$109K annual revenue. Limited information. Not target ICP.,,,Not Started,,,
"THE ANGLES LAW FIRM, LLC","1609 W. 92nd St., Kansas City, MO 64114",(816) 471-5777,www.angleslaw.com,2,unknown,1,low,Solo practitioner. Website exists but practice areas not clearly identified in search. Kansas City location.,,,Not Started,,,
"THE LAW OFFICE OF JASMINE ABOU-KASSEM, LLC","1475 Walnut St, Kansas City, MO 64106-3019",(816) 516-0958,,2,unknown,1,low,Solo practitioner. No website available. Unable to determine practice areas or firm signals.,,,Not Started,,,
THE ROE LAW FIRM LLC,,,,1,Unknown,1,low,No clear web presence found. Roe & Epstein LLP (real estate) may be related. Insufficient data.,,,Not Started,,,
"THOMPSON COBURN, LLP",,,,1,"Multi-practice, 450+ attorneys",1,low,Large St. Louis-based national firm (450+ attorneys). No Kansas City office. Not target ICP geography.,,,Not Started,,,
"WELLS LAW FIRM, PC, THE",,,,1,Personal Injury,1,low,Solo personal injury attorney. Limited information. Not target ICP.,,,Not Started,,,
"ALVAREZ LAW FIRM, P.C.","THE 851 NW 45th St, Ste 103, Kansas City, MO 64116-4613",(816) 459-4900,www.alvarezlawkc.com,3,"Immigration, Social Security & Disability, Personal Injury, Wrongful Death, Employee Benefits, Criminal Law, Family Law",1,medium,"Solo practitioner (Robert Anthony Alvarez, licensed MO+KS). General practice mix. Some family law, but primary focus appears to be immigration + disability. Established 2007. Limited family law emphasis.",,,Not Started,,,
HAZELTON & LANER LLP,"4600 Madison, Ste. 650, Kansas City, MO 64112-3032",(816) 753-5678,,3,"General Civil Practice, Corporate Law, Probate, Real Estate, Taxation",3,medium,3 attorneys. General civil practice with probate. Some estate focus but limited details. Moderate ICP alignment.,,,Not Started,,,
"HUTCHINGS & SCHWAPPACH, LLC","510 Walnut, Ste. 100, Kansas City, MO 64106",(816) 471-5111,www.kcaccidentattorneys.com,3,"Personal Injury, Family Law, Juvenile Law, Estate Planning",79,medium,"79 attorneys (large firm). Multiple practice areas including family law and estate planning, but personal injury is primary. Mixed signals on ICP.",,,Not Started,,,
KAPKE WILLERTH LLC,"2405 Grand Blvd., Ste. 800, Kansas City, MO 64108",(816) 221-9445,,4,"Civil Litigation, Real Estate, Probate & Estate Planning, Trust Administration, Employment Disputes, Personal Injury",1,medium,1 attorney per input. Over 40 years experience. Lee's Summit base. Estate planning & probate focus fits ICP. Website limited content but multiple practice areas indicate small multi-practice firm.,,,Not Started,,,
LAW FIRM OF KEVIN STUART CAVANAUGH,"4707 College Blvd, Ste 208, Leawood, KS 66211-2081",(913) 624-9547,,1,unknown,1,medium,"Solo practice in Leawood, KS. Insufficient information for ICP assessment.",,,Not Started,,,
"MCLEAN, ROGER W., P.A.",,,,2,"Personal Injury, Auto Accidents, Wrongful Death",7,medium,"Solo practitioner with 40 years experience. Personal injury focus only. Limited to individual cases, not firm-focused.",,,Not Started,,,
MCLEOD LAW FIRM P.C.,,,,2,"Medical Malpractice, Commercial Litigation, Personal Injury, Mediation",7,medium,Solo practitioner - Richard McLeod. Primarily ADR/mediation. Not a fit for CaseDelta's platform (individual focus).,,,Not Started,,,
"MCMAHON, JOHN C., LAW OFFICE OF",,,,1,"Patent Law, Trademark, Copyright, IP Law",7,medium,"IP specialist, now part of Avek IP LLC. Does not handle litigation or document-heavy practice areas. Low ICP fit.",,,Not Started,,,
MCQUAIN & ROSENBLOOM PC,,,,3,"Tax Law, Business Law, Family Law",9,medium,Tax-focused firm with some family law. Founded 1982. Moderate litigation involvement. ICP candidate but tax-heavy.,,,Not Started,,,
"MCROBERTS & HARTIS, P.C.",,,,2,"Environmental Law, Real Estate, Compliance, Transactional",9,medium,Environmental/real estate specialists. Not litigation-focused. Environmental compliance niche. Low document analysis value.,,,Not Started,,,
"MENCL LAW FIRM, THE",,,,2,Personal Injury,7,medium,Solo/small firm. Lee's Summit location. Personal injury only. Limited upside.,,,Not Started,,,
"MEYERS, SHARON J., LAW OFFICES OF",,,,1,Social Security Disability,8,medium,Specialized SSDI practice. Administrative law focus. Not litigation-heavy. Low document analysis value for CaseDelta.,,,Not Started,,,
MILLER & COMPANY P.C.,,,,1,"International Trade Law, Customs Law, Import/Export, Foreign Trade Zones",9,medium,International trade specialist. Niche area. Not litigation-focused. Document analysis minimal value.,,,Not Started,,,
NAPOLI SHKOLNIK,,,,3,"Personal Injury, Mass Torts, Class Actions, Product Liability",6,medium,"National firm with Overland Park office. $20B+ in settlements. Class action/mass tort focus. Large sophisticated firm, may not need CaseDelta.",,,Not Started,,,
"NASTEFF & QUINN, LLC",,,,3,"Employment Law, Business Litigation, Personal Injury, Special Education Law",8,medium,"Founded 2015. Amy Quinn + Mark Nasteff partners. Mixed practice (employment, litigation). Moderate ICP candidate.",,,Not Started,,,
"NATHAN C. HARBUR, CHTD.",,,,2,"Personal Injury, Business Law, Real Estate, Corporate Law",8,medium,Solo practitioner. 40+ years experience. General practice. Limited to individual/small business clients.,,,Not Started,,,
"NEWHOUSE BYERS SWANEY & JEFFERS, P.C.",,,,2,"Estate Planning, Real Estate, Wills",6,medium,"Independence, MO location (Kansas City metro). Small firm. Estate planning + real estate. Limited litigation exposure.",,,Not Started,,,
NICOL MEDIATION LLC,,,,1,"Mediation, ADR, Civil Disputes",6,medium,Mediation specialist (Jonathon Nicol). ADR-focused. Not litigation firm. Low document analysis value.,,,Not Started,,,
ODLE LAW FIRM,,,,1,"Entertainment Law, Sports Law, Commercial Litigation, Labor Law, Civil Rights",7,medium,"Parkville, MO. Opened 2021. Boutique entertainment/sports focus. Solo practitioner. Low ICP relevance.",,,Not Started,,,
"ROTH DAVIES, LLC",,,,3,"Personal Injury, Criminal Defense, Family Law",1,medium,"Overland Park, KS. Multi-practice (PI, criminal, family). Family law is one of three areas. Limited estate planning focus.",,,Not Started,,,
"RUSSELL, C. ANDERSON, LAW OFFICE",,,,2,General Practice,1,medium,Solo practitioner. Limited web presence. Baltimore Ave location. General practice.,,,Not Started,,,
"SALMON, STEVEN B., LAW OFFICES OF",,,,3,"Criminal Law, Family Law",1,medium,"Solo/small firm. Criminal law primary, family law secondary. 32+ years experience. Limited ICP fit.",,,Not Started,,,
"SHAPIRO & KREISMAN, LLC",,,,2,"Real Estate, Bankruptcy, Commercial Litigation",9,medium,"Multi-location (Earth City, Mission KS, Overland Park KS). Real estate & bankruptcy focus. Not family law.",,,Not Started,,,
"SHAPIRO LAW OFFICE, P.A.",,,,3,"Transportation Law, Collections, Business Litigation, Family Law, Real Estate",8,medium,"Overland Park, KS. Established 2004. Multi-practice firm. Family law is one of several areas.",,,Not Started,,,
"SUMMERS LAW FIRM, LC",,,,5,"Probate, Business Law, Trusts & Estates",1,medium,Estate & probate specialist. Strong ICP fit (trusts & estates). Limited information available.,,,Not Started,,,
TAHIRKHELI & PREMER-CHAVEZ LAW OFFICE,,,,3,"Criminal Defense, Personal Injury, Family Law, Estate Planning",1,medium,Multi-location (Liberal & KC). Mixed criminal/personal injury/family focus. Moderate ICP fit (has family law).,,,Not Started,,,
"TEEL LAW FIRM, LLC",,,,3,"Personal Injury, Probate, Business, Criminal Law",1,medium,Kansas City-based. Mixed practice including probate. Limited signals on full scope.,,,Not Started,,,
"TRADER & SULLIVAN, L.L.C.",,,,1,"Personal Injury, Product Liability",1,medium,Search returned Sullivan Law LLC info. Assume similar personal injury focus. Not target ICP.,,,Not Started,,,
WELCH & WEBB LLC,,,,3,"Personal Injury, Criminal Defense, Estate Planning, Probate",1,medium,"Small firm with mixed practice. Limited signals on size. Not strong ICP fit (personal injury focused, not family law).",,,Not Started,,,
"WHIPPLE LAW FIRM, PC",,,,2,"Workers Compensation, Personal Injury, Disability, Estate Planning, Traffic",1,medium,Small firm with mixed practice including estate planning. Kansas City area. Limited ICP fit.,,,Not Started,,,
"WICKERSHAM, STEVEN K., LAW OFFICE OF",,,,2,"Workers Compensation, Personal Injury, Family Law, Social Security, Employment Law",1,medium,Solo attorney with 49 years licensed. Mixed practice including family law. Limited firm size.,,,Not Started,,,
"WICKHAM & WOOD, LLC",,,,2,"Labor Law, Workers Compensation, Employment Discrimination, Personal Injury",1,medium,20+ year history serving labor unions. Labor & employment focus. Not target ICP.,,,Not Started,,,
"WILKINS, FRED, LAW OFFICE OF",,,,1,Alternative Dispute Resolution,1,medium,Top-rated ADR attorney (deceased Apr 2025). Not target ICP.,,,Not Started,,,
ACCURSO & ASSOCIATES LLC,"7211 N.W. 83rd St., Ste. 200, Kansas City, MO 64152",(816) 587-4529,www.accursolawkc.com,3,general_practice,1,,,,,Not Started,,,
ALSPAUGH FAMILY LAW,"310 Armour Rd, Ste 204, Kansas City, MO 64116-3541",(816) 751-0580,,3,family/estate/immigration/real_estate/M&A,1,,,,,Not Started,,,
ANDERSEN & ASSOCIATES,"7465 W. 132nd St., Ste. 100, Overland Park, KS 66213",(913) 685-7000,,3,general_practice,9,,,,,Not Started,,,
ANDERSON & ASSOCIATES,"1903 Wyandotte St Ste 100, Kansas City, MO 64108",(913) 262-2207,www.mokslaw.com,3,general_practice,4,,,,,Not Started,,,
"B. Hurd, Kameron Kelly, Thomas B. Luebbering, Gregory J. Skoch, Paul Walker, Matthew B. Walters)","14425 College Blvd., Suite 170, Lenexa, KS 66215",,,2,unknown,1,,,,,Not Started,,,
BRADY & ASSOCIATES LAW OFFICE,,,,3,general_practice,8,,,,,Not Started,,,
"BRENTON LAW GROUP, PA",,,,3,general_practice,6,,,,,Not Started,,,
CHELEPIS & ASSOCIATES,"8695 College Blvd, Ste. 200, Shawnee Mission, KS 66210",(913) 338-0590,chelepis.com,3,general_practice,1,,,,,Not Started,,,
"CHINNERY EVANS & NAIL, PC","800 N.E. Vanderbilt Ln., Lee’s Summit, MO 64064",(816) 525-2050,www.chinnery.com,3,unknown,9,,,,,Not Started,,,
"COLLABORATIVE LEGAL SOLUTIONS, LC","6320 Brookside Plaza, Ste. 182, Kansas City, MO 64113",(913) 904-6207,www.clslaw-firm.com,3,litigation/employment/healthcare/tax,1,,,,,Not Started,,,
"COMMERCIAL LAW GROUP, PA","8101 College Boulevard, Ste 100, Overland Park, KS 66210",(913) 345-8855,www.commerciallawgroup.net,3,general_practice,1,,,,,Not Started,,,
DAVIS FAMILY LAW,"4707 College Blvd, Ste 208, Leawood, KS 66211-2081",(913) 624-9547,,5,family/estate/immigration/real_estate/M&A,7,,,,,Not Started,,,
DEVAUGHN JAMES INJURY LAWYERS,"7501 N.W. Tiffany Springs Pkwy., Ste. 200, Kansas City, MO 64153-1960",(816) 880-9696,,2,PI/contingency,11,,,,,Not Started,,,
"DEVRIES & ASSOCIATES, PC","8101 College Boulevard, Ste 100, Overland Park, KS 66210",(913) 345-8855,,3,general_practice,7,,,,,Not Started,,,
HABEMCO LLC,"14425 College Blvd., Suite 170, Lenexa, KS 66215",(816) 472-9000,,2,unknown,1,,,,,Not Started,,,
HADEL & ASSOCIATES,"11005 Catalina, Leawood, KS 66211",(816) 561-4111,,3,general_practice,1,,,,,Not Started,,,
HAMILTON & ASSOCIATES,"216 N. Hwy. 7, P.O. Box 215, Pleasant Hill, MO 64080",(816) 540-2161,www.law-kc.com,3,general_practice,2,,,,,Not Started,,,
"HUBBARD & KURTZ, LLP","11005 Catalina, Leawood, KS 66211",(816) 561-4111,,2,unknown,1,,,,,Not Started,,,
"HUBBELL LAW FIRM, LLC","3500 W. 75th St., Ste. 300, Prairie Village, KS 66208",(913) 529-1188,,2,unknown,1,,,,,Not Started,,,
HUGHES HUBBARD & REED LLP,"511 Delaware St., Ste. 100, Kansas City, MO 64105",(816) 605-1734,,2,unknown,1,,,,,Not Started,,,
"HUMPHREY, FARRINGTON & MCCLAIN, PC","1111 Main St., Ste. 700, Kansas City, MO 64105",(816) 656-2540,,2,unknown,1,,,,,Not Started,,,
"HUNTER & CASSIDY, LLC","1400 N.W. 43rd Terr., Kansas City, MO 64116",(816) 507-3331,,2,unknown,1,,,,,Not Started,,,
"HUNTER LAW GROUP, P.A.","4707 College Blvd., Ste. 105, Leawood, KS 66211",(913) 345-0000,,3,general_practice,1,,,,,Not Started,,,
HUSCH BLACKWELL LLP,"216 N. Hwy. 7, P.O. Box 215, Pleasant Hill, MO 64080",(816) 540-2161,,2,unknown,1,,,,,Not Started,,,
"Jon R. Dedon, Jeffrey T. Donoho, Katy L. Houchin, Leigh Ann Massey, Cody D. Miller, Daniel A. Saathoff, Danielle M. Wallace, Mit S. Winter) (Firm Manager: Kelly G. Bieri) (Partner/Attorney: John C. Kennyhertz, Braden Perry)",,,,2,unknown,1,,,,,Not Started,,,
KANSAS CITY INJURY LAW GROUP (KCILG),"10408 E. 63rd Ter., Raytown, MO 64133-5154",(816) 358-5655,,3,general_practice,1,,,,,Not Started,,,
KANSAS LEGAL GROUP,"3145 Broadway Blvd, Kansas City, MO 64111",(816) 561-2555,,3,general_practice,1,,,,,Not Started,,,
KC DEFENSE COUNSEL,"1903 Wyandotte St., Ste. 100, Kansas City, MO 64108",(816) 897-6000,,3,general_practice,1,,,,,Not Started,,,
KENDALL LAW GROUP LLC,"2600 Grand Blvd, Ste 410, Kansas City, MO 64108-4601",(816) 875-1919,,3,general_practice,1,,,,,Not Started,,,
"KNIGHT NICASTRO MACKAY, LLC.","911 Main St., P.O. Box 220, Lexington, MO 64067-0220",(660) 259-4571,www.langdonemison.com,3,unknown,104,,,,,Not Started,,,
"LAUREN ALLEN, LLC",,,,2,unknown,1,,,,,Not Started,,,
LAW OFFICES OF RODERICK C. WHITE,,,,,,,,,,,Not Started,,,
"LAWSON JADRIC SORENSEN, LLC",,,,2,unknown,1,,,,,Not Started,,,
LEGAL AID OF WESTERN MISSOURI,,,,2,unknown,1,,,,,Not Started,,,
LEGAL AID OF WESTERN MISSOURI WEST OFFICE,,,,2,unknown,1,,,,,Not Started,,,
"LEVERAGE LAW GROUP, LLC",,,,3,general_practice,1,,,,,Not Started,,,
"M.A. NIGRO AND ASSOCIATES, LLC",,,,3,general_practice,1,,,,,Not Started,,,
"MANEKE LAW GROUP, LC",,,,3,general_practice,1,,,,,Not Started,,,
"MANNTUCKERMUIRGORDON, LLC.",,,,2,unknown,1,,,,,Not Started,,,
MANSON KARBANK MCCLAFLIN,,,,2,unknown,1,,,,,Not Started,,,
MARCHAEL CONSULTING,,,,2,unknown,1,,,,,Not Started,,,
MARK & BURKHEAD,,,,2,unknown,1,,,,,Not Started,,,
"MARSHALL, WILLIAM N., III, ATTORNEY AT LAW",,,,2,unknown,1,,,,,Not Started,,,
"MARTIN; PRINGLE, OLIVER, WALLACE & BAUER, LLP",,,,2,unknown,1,,,,,Not Started,,,
"MARTSCHING LAW FIRM, LLC",,,,2,unknown,1,,,,,Not Started,,,
"MATHEWS GROUP, LC",,,,3,general_practice,1,,,,,Not Started,,,
MATTEUZZI LAW,,,,2,unknown,1,,,,,Not Started,,,
MAUER LAW FIRM PC,,,,2,unknown,1,,,,,Not Started,,,
"MAYER & ASSOCIATES, P.C.",,,,3,general_practice,1,,,,,Not Started,,,
"MAYER, WILLIAM A.",,,,2,unknown,1,,,,,Not Started,,,
"MCANANY, VAN CLEAVE & PHILLIPS, PA",,,,2,unknown,1,,,,,Not Started,,,
"MCCALLEY, GORHAM AND BOWMAN, PC",,,,2,unknown,1,,,,,Not Started,,,
"MCCALLISTER LAW FIRM, PC",,,,2,unknown,1,,,,,Not Started,,,
"MCCARTHY LAW FIRM, P.C.",,,,2,unknown,1,,,,,Not Started,,,
MCNEIL & ASSOCIATES,,,,3,general_practice,6,,,,,Not Started,,,
MDIVANI CORPORATE IMMIGRATION LAW FIRM,,,,5,family/estate/immigration/real_estate/M&A,9,,,,,Not Started,,,
MISSOURI DWI & CRIMINAL LAW CENTER AT BENJAMIN LAW FIRM,,,,1,criminal,8,,,,,Not Started,,,
MISSOURI STATE PUBLIC DEFENDER - GLADSTONE,,,,1,criminal,22,,,,,Not Started,,,
NIEMANN LAW GROUP,,,,3,general_practice,12,,,,,Not Started,,,
"NORTH, BASIL L., JR., & ASSOCIATES",,,,3,general_practice,8,,,,,Not Started,,,
Page Footer,,,,2,unknown,1,,,,,Not Started,,,
"ROBB, TAYLOR & O’CONNOR",,,,2,unknown,1,,,,,Not Started,,,
"ROBERTSON LAW GROUP, THE",,,,3,general_practice,1,,,,,Not Started,,,
"SHAW, STACY & ASSOCIATES, LLC",,,,3,general_practice,8,,,,,Not Started,,,
"SHEPHERD ELDER LAW GROUP, LLC",,,,3,general_practice,12,,,,,Not Started,,,
STURDEVANT LAW OFFICE,,,,,,,,,,,Not Started,,,
STURDEVANT LAW OFFICE,,,,,,,,,,,Not Started,,,
SULLIVAN LAW L.L.C.,,,,,,,,,,,Not Started,,,
SULLIVAN LAW L.L.C.,,,,,,,,,,,Not Started,,,
"SUMMERS & JOHNSON, PC",,,,,**Address: ** 717 Thomas St.; **Address: Weston; **Address: MO 64098; **Phone: ** (816) 640-9940; **Fax: ** (816) 386-9927; **Website: ** www.summersandjohnson.com,6,,,,,Not Started,,,
"SUMMERS & JOHNSON, PC",,,,,,,,,,,Not Started,,,
"SUMMERS & JOHNSON, PC",,,,,,,,,,,Not Started,,,
"SUMMERS LAW FIRM, LC",,,,,,,,,,,Not Started,,,
"SUMMERS LAW FIRM, LC",,,,,,,,,,,Not Started,,,
"SUTTON LAW OFFICE, PA",,,,,**Address: ** 222 W. Gregory Blvd.; **Address: Ste. 4; **Address: 7211 W. 98th Ter.; **Address: Ste. 140; **Address: Overland Park; **Address: KS 66212; **Phone: ** (913) 385-0444; **Fax: ** (913) 341-1130; **Website: ** suttonlaw.com; **Partner: ** Nathan M. Sutton,10,,,,,Not Started,,,
"SUTTON LAW OFFICE, PA",,,,,,,,,,,Not Started,,,
"SUTTON LAW OFFICE, PA",,,,,,,,,,,Not Started,,,
SWANSON BERNARD LLC,,,,,**Address: ** Plaza West; **Address: 4600 Madison Ave; **Address: Kansas City; **Address: MO 64112-3031; **Phone: ** (816) 410-4600; **Fax: ** (816) 561-4498; **Website: ** www.swansonbernard.com; **Members: ** Daniel N. Allmayer; **Members: Matthew John Bock; **Members: Jonathan N. Dilly; **Members: James A. Durbin; **Members: Matthew L. Faul; **Members: Kenneth I. Fligg; **Members: Jr.; **Members: James F. Freeman; **Members: III; **Members: Vincent L. Gualtier; **Members: Tim S. Haverty; **Members: Daniel V. Hiatt; **Members: Sr.; **Members: Daniel V. Hiatt; **Members: Jr.; **Members: David G. Watkins; **Of Counsel: ** Sue Becker; **Of Counsel: James H. Bernard; **Of Counsel: Jr.; **Of Counsel: Rodney V. Hipp; **Of Counsel: Stephen P. Horn; **Of Counsel: Steven C. Krueger; **Of Counsel: John J. Miller; **Of Counsel: Lloyd W. Raber; **Attorney: ** Maria F. Caruso; **Attorney: Shannon Sinn; **Attorney: Thomas R. Watson; **Retired: ** Stanley M. Burnstein; **Retired: Roger T. Hurwitz,36,,,,,Not Started,,,
SWANSON BERNARD LLC,,,,,,,,,,,Not Started,,,
SWANSON BERNARD LLC,,,,,,,,,,,Not Started,,,
"SWARTZBAUGH, E. DAVID, LAW OFFICE",,,,,**Address: ** 436 E. 74th St.; **Address: Kansas City; **Address: MO 64131; **Phone: ** (816) 561-1221; **Fax: ** (816) 561-9355; **Solo Practitioner: ** E. David Swartzbaugh,6,,,,,Not Started,,,
"SWARTZBAUGH, E. DAVID, LAW OFFICE",,,,,,,,,,,Not Started,,,
"SWARTZBAUGH, E. DAVID, LAW OFFICE",,,,,,,,,,,Not Started,,,
SWL INJURY LAWYERS,,,,2,PI/contingency,1,,,,,Not Started,,,
SWL INJURY LAWYERS,,,,,**Address: ** 1100 Main St; **Address: Ste 2600; **Address: Kansas City; **Address: MO 64105-5194; **Phone: ** (816) 876-2133; **Managing Partner: ** Lucas Whitworth; **Partner: ** James F. Stigall; **Associate: ** Rick Schleipman; **Managing Partner & Founding Member: ** Jarrett Lee Leiker,9,,,,,Not Started,,,
SWL INJURY LAWYERS,,,,,,,,,,,Not Started,,,
SWL INJURY LAWYERS,,,,,,,,,,,Not Started,,,
"TAFRESHI LAW, LLC",,,,,**Address: ** 130 N. Cherry St.; **Address: Ste. 103; **Address: Olathe; **Address: KS 66061; **Phone: ** (913) 780-6666; **Fax: ** (913) 913-6565; **Website: ** www.tafreshilaw.com/; **Founding Attorney: ** Dana P. Tafreshi,8,,,,,Not Started,,,
"TAFRESHI LAW, LLC",,,,,,,,,,,Not Started,,,
"TAFRESHI LAW, LLC",,,,,,,,,,,Not Started,,,
TAHIRKHELI & PREMER-CHAVEZ LAW OFFICE,,,,,**Address: ** 6377 NW Sioux Dr 2nd Floor; **Address: Parkville; **Address: MO 64152; **Associate: ** Adam Tahirkheli,4,,,,,Not Started,,,
TAHIRKHELI & PREMER-CHAVEZ LAW OFFICE,,,,,,,,,,,Not Started,,,
TAHIRKHELI & PREMER-CHAVEZ LAW OFFICE,,,,,,,,,,,Not Started,,,
TAMMY HORN LLC,,,,,**Address: ** 10313 W. 140th St.; **Address: The Carriage House; **Address: Overland Park; **Address: KS 66221; **Phone: ** (816) 914-3207; **Website: ** www.tammyhornllc.com; **Owner: ** Tammy L. Horn,7,,,,,Not Started,,,
TAMMY HORN LLC,,,,,,,,,,,Not Started,,,
TAMMY HORN LLC,,,,,,,,,,,Not Started,,,
"TEEL LAW FIRM, LLC",,,,,**Address: ** 4810 Northeast Vivion Road; **Address: PO Box 11005; **Address: Kansas City; **Address: MO 64119-0005; **Phone: ** (816) 226-8519,5,,,,,Not Started,,,
"TEEL LAW FIRM, LLC",,,,,,,,,,,Not Started,,,
"TEEL LAW FIRM, LLC",,,,,,,,,,,Not Started,,,
"TERRIL LAW FIRM, LLC",,,,,,,,,,,Not Started,,,
"TERRIL LAW FIRM, LLC",,,,,,,,,,,Not Started,,,
THE WELDER FIRM,,,,,,,,,,,Not Started,,,
"THILGES BERNHARDT & ISAACS, ATTORNEYS AT LAW, LLC",,,,,**Address: ** 9300 W 110th St; **Address: Ste 500; **Address: Overland Park; **Address: KS 66210-1421; **Phone: ** (913) 491-4400; **Fax: ** (913) 491-6550; **Website: ** www.sbt-law.com; **Partner: ** Jacquelyn P. Bernhardt; **Partner: Amanda A. Thilges; **Associate: ** Meghan Castleman; **Associate: Amberlynn M. Isaacs,11,,,,,Not Started,,,
"THILGES BERNHARDT & ISAACS, ATTORNEYS AT LAW, LLC",,,,,,,,,,,Not Started,,,
"THILGES BERNHARDT & ISAACS, ATTORNEYS AT LAW, LLC",,,,,,,,,,,Not Started,,,
"THOMASON, MARK, LAW OFFICE OF, LLC",,,,,**Address: ** 929 Walnut St.; **Address: Ste. 101; **Address: Kansas City; **Address: MO 64106-2050; **Phone: ** (816) 229-8686; **Fax: ** (816) 229-9494; **Partner: ** Mark A. Thomason,7,,,,,Not Started,,,
"THOMASON, MARK, LAW OFFICE OF, LLC",,,,,,,,,,,Not Started,,,
"THOMASON, MARK, LAW OFFICE OF, LLC",,,,,,,,,,,Not Started,,,
"THOMPSON COBURN, LLP",,,,,**Address: ** One US Bank Plaza; **Address: Saint Louis; **Address: MO 63101; **Phone: ** (314) 552-6441; **Fax: ** (314) 552-7000; **Website: ** www.thompsoncoburn.com,6,,,,,Not Started,,,
"THOMPSON COBURN, LLP",,,,,,,,,,,Not Started,,,
"THOMPSON COBURN, LLP",,,,,,,,,,,Not Started,,,
"THOMPSON LAW OFFICES, P.C.",,,,,**Address: ** One Town Square; **Address: North Kansas City; **Address: MO 64116; **Phone: ** (816) 471-3414; **Fax: ** (816) 221-0232; **Website: ** www.thompsonlawoffice.com; **Managing Partner: ** James H. Thompson; **Managing Partner: Jr.,8,,,,,Not Started,,,
"THOMPSON LAW OFFICES, P.C.",,,,,,,,,,,Not Started,,,
"THOMPSON LAW OFFICES, P.C.",,,,,,,,,,,Not Started,,,
"THORNBERRY BROWN, LLC",,,,,**Address: ** 4550 Main St.; **Address: Ste. 205; **Address: Kansas City; **Address: MO 64111; **Phone: ** (816) 531-8383; **Fax: ** (816) 531-8385; **Website: ** www.thornberrybrown.com; **Member: ** Randall W. Brown; **Member: Stephen C. Thornberry,9,,,,,Not Started,,,
"THORNBERRY BROWN, LLC",,,,,,,,,,,Not Started,,,
"THORNBERRY BROWN, LLC",,,,,,,,,,,Not Started,,,
TOMASIC & REHORN,,,,,**Address: ** 417 N. 6th St.; **Address: P.O. Box 171855; **Address: Kansas City; **Address: KS 66117; **Phone: ** (913) 371-5750; **Fax: ** (913) 713-0065; **Website: ** www.tomasichorn.com; **Partner: ** Thomas Richard 'Rick' Rehorn; **Partner: III; **Partner: Denise E. Tomasic,10,,,,,Not Started,,,
TOMASIC & REHORN,,,,,,,,,,,Not Started,,,
TOMASIC & REHORN,,,,,,,,,,,Not Started,,,
"TONGIER, JOHN D., LLC",,,,,**Address: ** 14 Corporate Woods; **Address: Ste. 400; **Address: 8717 W. 110th St.; **Address: Overland Park; **Address: KS 66210-2101; **Phone: ** (913) 451-8383; **Fax: ** (913) 451-8530; **Website: ** www.thekclawfirm.com; **Member: ** John D. Tongier,9,,,,,Not Started,,,
"TONGIER, JOHN D., LLC",,,,,,,,,,,Not Started,,,
"TONGIER, JOHN D., LLC",,,,,,,,,,,Not Started,,,
"TRADER & SULLIVAN, L.L.C.",,,,,**Address: ** 3300 N.E. Ralph Powell Rd; **Address: Lee's Summit; **Address: MO 64064; **Phone: ** (816) 474-7874; **Fax: ** (816) 751-0577; **Member: ** Kathy J. Sullivan; **Member: John H. Trader,7,,,,,Not Started,,,
"TRADER & SULLIVAN, L.L.C.",,,,,,,,,,,Not Started,,,
"TRADER & SULLIVAN, L.L.C.",,,,,,,,,,,Not Started,,,
"TROPPITO MILLER GRIFFIN, LLC",,,,,**Address: ** 105 E. 5th St.; **Address: Ste. 500; **Address: Kansas City; **Address: MO 64106; **Phone: ** (816) 221-6006; **Website: ** www.troppitomiller.com; **Managing Attorney: ** Chris M. Troppito; **Attorney: ** S. Owen Griffin; **Attorney: Ryan D. Kiliian; **Attorney: Tony R. Miller; **Attorney: J. Timothy Yasso; **Attorney - Of Counsel: ** Michael K. McVey (Gabriel T. Hinkebein),12,,,,,Not Started,,,
"TROPPITO MILLER GRIFFIN, LLC",,,,,,,,,,,Not Started,,,
"TROPPITO MILLER GRIFFIN, LLC",,,,,,,,,,,Not Started,,,
TURNER & SWEENEY,,,,,,,,,,,Not Started,,,
TURNER & SWEENY,,,,,**Address: ** 10401 Holmes Rd STE. 250; **Address: Kansas City; **Address: MO 64131; **Phone: ** (816) 942-5100; **Fax: ** (816) 942-5104; **Website: ** www.turnersweeny.com; **Managing Partner: ** John E. Turner; **Partner: ** Christopher P. Sweeny,8,,,,,Not Started,,,
TURNER & SWEENY,,,,,,,,,,,Not Started,,,
TURNEY LG,,,,,**Address: ** 4900 Main St; **Address: Ste 160; **Address: Kansas City; **Address: MO 64112-2687; **Phone: ** (816) 379-3032; **Website: ** www.turneylg.com; **Member: ** Christopher B. Turney; **Associate: ** Ryan T. Nely,8,,,,,Not Started,,,
TURNEY LG,,,,,,,,,,,Not Started,,,
TURNEY LG,,,,,,,,,,,Not Started,,,
Visual Elements,,,,3,unknown,5,,,,,Not Started,,,
"WALLENTINE INJURY LAW FIRM, LLC",,,,2,PI/contingency,1,,,,,Not Started,,,
"WALLENTINE INJURY LAW FIRM, LLC",,,,,,,,,,,Not Started,,,
"WALTERS LAW FIRM, LLC",,,,,,,,,,,Not Started,,,
"WALTERS RENWICK RICHARDS & VAUGHAN, P.C.",,,,,,,,,,,Not Started,,,
"WARDEN GRIER, LLP",,,,,,,,,,,Not Started,,,
"WASSBERG, JOHN, LAW OFFICE, LLC",,,,,,,,,,,Not Started,,,
"WATSON & DAMERON, LLP",,,,,,,,,,,Not Started,,,
WATTERS WOLF BUB HANSMANN,,,,,,,,,,,Not Started,,,
WELCH & WEBB LLC,,,,,,,,,,,Not Started,,,
"WELLS LAW FIRM, PC, THE",,,,,,,,,,,Not Started,,,
WENDT LAW FIRM P.C.,,,,,,,,,,,Not Started,,,
"WHIPPLE LAW FIRM, PC",,,,,,,,,,,Not Started,,,
"WHITE, F.A., LAW OFFICE OF",,,,,,,,,,,Not Started,,,
"WHITE, GRAHAM, BUCKLEY & CARR, LLC",,,,,,,,,,,Not Started,,,
"WICKERSHAM, STEVEN K., LAW OFFICE OF",,,,,,,,,,,Not Started,,,
"WICKHAM & WOOD, LLC",,,,,,,,,,,Not Started,,,
WIEDNER & MCAULIFFE,,,,,,,,,,,Not Started,,,
"WIESNER & FRACKOWIAK, LC",,,,,,,,,,,Not Started,,,
WILKES & DUNN,,,,,,,,,,,Not Started,,,
"WILKINS, FRED, LAW OFFICE OF",,,,,,,,,,,Not Started,,,
"WILLENS, MARK L., LAW OFFICE OF",,,,,,,,,,,Not Started,,,
"WILLIAMS & CAMPO, PC",,,,,,,,,,,Not Started,,,
WILLIAMS DIRKS DAMERON LLC,"12117 Dearborn St., Overland Park, KS 66209",(913) 266-8169,(816) 888-5188,www.yonke-law.com,Solo Practitioner: John L. Williams; Partner: John L. Peterson; Partner: Michael L. Wilson; Of Counsel: Carol A. Lindgren-Bron; Solo Practitioner: Christopher B. Wirken; Managing Partner: Jerome E. Brant; Shareholder: Rodney A. Ames; Shareholder: S. Beau Broussard; Shareholder: Ward K. Brown; Shareholder: Thomas C. Capps; Shareholder: Wilford Isaac Freestone; Shareholder: Ronald C. Mullennix; Shareholder: Travis A. Wymore; Associate Attorney: Isaac A. Ames; Of Counsel: Hon. Larry D. Harman; Of Counsel: David K. Holdsworth; Shareholder: Jennifer M. Fain; Shareholder: Jennifer Myers Snider; Associate: Jason Dorrel; President: Jeffrey L. Wagoner; Associate: Ryan Blay; Associate: G. Addam Fera; Associate: Errin Stowell; Associate Attorney: Philip D. Albrecht; Associate Attorney: Jackson De la Garza; Associate Attorney: Skylar J. Farwell; Attorney/Member: Christopher L. Kurtz; Attorney/Member: Kenton E. Snow; Attorney/Member: Brian E. Tadtman; Attorney/Member: Neal H. Woodworth; Attorney/Member: Stanley N. Woodworth; Member: Lance V. Baughman; Member: Roger P. Wright; President: James R. Wyrsch; Shareholder: David S. Bell; Shareholder: Sheena A. Foye; Shareholder: James R. Hobbs; Shareholder: Marilyn B. Keller; Shareholder: Stephen G. Mirakian; Solo Practitioner: Kenneth A. Yates; Managing Partner: Michael T. Yonke; Retired: Stanford A. Zeldin,42,,,,,Not Started,,,